-- phpMyAdmin SQL Dump
-- version 4.7.9
-- https://www.phpmyadmin.net/
--
-- Host: 127.0.0.1
-- Generation Time: Dec 26, 2019 at 02:26 AM
-- Server version: 10.1.31-MariaDB
-- PHP Version: 7.2.3

SET SQL_MODE = "NO_AUTO_VALUE_ON_ZERO";
SET AUTOCOMMIT = 0;
START TRANSACTION;
SET time_zone = "+00:00";


/*!40101 SET @OLD_CHARACTER_SET_CLIENT=@@CHARACTER_SET_CLIENT */;
/*!40101 SET @OLD_CHARACTER_SET_RESULTS=@@CHARACTER_SET_RESULTS */;
/*!40101 SET @OLD_COLLATION_CONNECTION=@@COLLATION_CONNECTION */;
/*!40101 SET NAMES utf8mb4 */;

--
-- Database: `garpstore`
--

-- --------------------------------------------------------

--
-- Table structure for table `cart`
--

CREATE TABLE `cart` (
  `id` int(10) UNSIGNED NOT NULL,
  `products_id` int(11) NOT NULL,
  `product_name` varchar(191) COLLATE utf8mb4_unicode_ci NOT NULL,
  `product_code` varchar(191) COLLATE utf8mb4_unicode_ci NOT NULL,
  `product_color` varchar(191) COLLATE utf8mb4_unicode_ci NOT NULL,
  `size` varchar(191) COLLATE utf8mb4_unicode_ci NOT NULL,
  `price` double(8,2) NOT NULL,
  `quantity` int(11) NOT NULL,
  `user_email` varchar(191) COLLATE utf8mb4_unicode_ci NOT NULL,
  `session_id` varchar(191) COLLATE utf8mb4_unicode_ci NOT NULL,
  `created_at` timestamp NULL DEFAULT NULL,
  `updated_at` timestamp NULL DEFAULT NULL
) ENGINE=MyISAM DEFAULT CHARSET=utf8mb4 COLLATE=utf8mb4_unicode_ci;

-- --------------------------------------------------------

--
-- Table structure for table `categories`
--

CREATE TABLE `categories` (
  `id` int(10) UNSIGNED NOT NULL,
  `parent_id` int(11) DEFAULT NULL,
  `name` varchar(191) COLLATE utf8mb4_unicode_ci NOT NULL,
  `description` text COLLATE utf8mb4_unicode_ci,
  `url` varchar(191) COLLATE utf8mb4_unicode_ci NOT NULL,
  `status` tinyint(4) NOT NULL DEFAULT '0',
  `remember_token` varchar(100) COLLATE utf8mb4_unicode_ci DEFAULT NULL,
  `created_at` timestamp NULL DEFAULT NULL,
  `updated_at` timestamp NULL DEFAULT NULL
) ENGINE=MyISAM DEFAULT CHARSET=utf8mb4 COLLATE=utf8mb4_unicode_ci;

--
-- Dumping data for table `categories`
--

INSERT INTO `categories` (`id`, `parent_id`, `name`, `description`, `url`, `status`, `remember_token`, `created_at`, `updated_at`) VALUES
(29, 26, 'Hiking Shoes', NULL, 'http://www.garpstore.com', 1, NULL, '2019-11-29 03:22:48', '2019-11-29 09:15:51'),
(26, 0, 'Sport Shoes', NULL, 'http://www.garpstore.com', 1, NULL, '2019-11-29 03:21:49', '2019-11-29 09:14:26'),
(27, 26, 'Football Shoes', NULL, 'http://www.garpstore.com', 1, NULL, '2019-11-29 03:22:10', '2019-11-29 09:14:57'),
(25, 0, 'Sneaker', 'Sneakers (also called trainers, athletic shoes, tennis shoes, gym shoes, sport shoes or runners) are shoes primarily designed for sports or other forms of physical exercise, but which are now also widely used for everyday wear.', 'http://www.garpstore.com', 1, NULL, '2019-11-29 03:20:40', '2019-11-29 03:20:40'),
(28, 26, 'Basketball Shoes', NULL, 'http://www.garpstore.com', 1, NULL, '2019-11-29 03:22:31', '2019-11-29 09:15:17'),
(30, 26, 'Futsal Shoes', NULL, 'http://www.garpstore.com', 1, NULL, '2019-11-29 03:23:00', '2019-11-29 09:15:34');

-- --------------------------------------------------------

--
-- Table structure for table `city`
--

CREATE TABLE `city` (
  `id` int(10) UNSIGNED NOT NULL,
  `name` varchar(200) COLLATE utf8mb4_unicode_ci NOT NULL,
  `id_province` int(10) UNSIGNED NOT NULL,
  `created_at` timestamp NULL DEFAULT NULL,
  `updated_at` timestamp NULL DEFAULT NULL
) ENGINE=InnoDB DEFAULT CHARSET=utf8mb4 COLLATE=utf8mb4_unicode_ci;

--
-- Dumping data for table `city`
--

INSERT INTO `city` (`id`, `name`, `id_province`, `created_at`, `updated_at`) VALUES
(1, 'Aceh Barat', 21, '2019-12-06 22:53:53', '2019-12-06 22:53:53'),
(2, 'Aceh Barat Daya', 21, '2019-12-06 22:53:53', '2019-12-06 22:53:53'),
(3, 'Aceh Besar', 21, '2019-12-06 22:53:53', '2019-12-06 22:53:53'),
(4, 'Aceh Jaya', 21, '2019-12-06 22:53:53', '2019-12-06 22:53:53'),
(5, 'Aceh Selatan', 21, '2019-12-06 22:53:53', '2019-12-06 22:53:53'),
(6, 'Aceh Singkil', 21, '2019-12-06 22:53:53', '2019-12-06 22:53:53'),
(7, 'Aceh Tamiang', 21, '2019-12-06 22:53:53', '2019-12-06 22:53:53'),
(8, 'Aceh Tengah', 21, '2019-12-06 22:53:53', '2019-12-06 22:53:53'),
(9, 'Aceh Tenggara', 21, '2019-12-06 22:53:53', '2019-12-06 22:53:53'),
(10, 'Aceh Timur', 21, '2019-12-06 22:53:53', '2019-12-06 22:53:53'),
(11, 'Aceh Utara', 21, '2019-12-06 22:53:53', '2019-12-06 22:53:53'),
(12, 'Agam', 32, '2019-12-06 22:53:53', '2019-12-06 22:53:53'),
(13, 'Alor', 23, '2019-12-06 22:53:53', '2019-12-06 22:53:53'),
(14, 'Ambon', 19, '2019-12-06 22:53:53', '2019-12-06 22:53:53'),
(15, 'Asahan', 34, '2019-12-06 22:53:53', '2019-12-06 22:53:53'),
(16, 'Asmat', 24, '2019-12-06 22:53:53', '2019-12-06 22:53:53'),
(17, 'Badung', 1, '2019-12-06 22:53:54', '2019-12-06 22:53:54'),
(18, 'Balangan', 13, '2019-12-06 22:53:54', '2019-12-06 22:53:54'),
(19, 'Balikpapan', 15, '2019-12-06 22:53:54', '2019-12-06 22:53:54'),
(20, 'Banda Aceh', 21, '2019-12-06 22:53:54', '2019-12-06 22:53:54'),
(21, 'Bandar Lampung', 18, '2019-12-06 22:53:54', '2019-12-06 22:53:54'),
(22, 'Bandung', 9, '2019-12-06 22:53:54', '2019-12-06 22:53:54'),
(23, 'Bandung', 9, '2019-12-06 22:53:54', '2019-12-06 22:53:54'),
(24, 'Bandung Barat', 9, '2019-12-06 22:53:54', '2019-12-06 22:53:54'),
(25, 'Banggai', 29, '2019-12-06 22:53:54', '2019-12-06 22:53:54'),
(26, 'Banggai Kepulauan', 29, '2019-12-06 22:53:54', '2019-12-06 22:53:54'),
(27, 'Bangka', 2, '2019-12-06 22:53:54', '2019-12-06 22:53:54'),
(28, 'Bangka Barat', 2, '2019-12-06 22:53:54', '2019-12-06 22:53:54'),
(29, 'Bangka Selatan', 2, '2019-12-06 22:53:54', '2019-12-06 22:53:54'),
(30, 'Bangka Tengah', 2, '2019-12-06 22:53:54', '2019-12-06 22:53:54'),
(31, 'Bangkalan', 11, '2019-12-06 22:53:54', '2019-12-06 22:53:54'),
(32, 'Bangli', 1, '2019-12-06 22:53:54', '2019-12-06 22:53:54'),
(33, 'Banjar', 13, '2019-12-06 22:53:54', '2019-12-06 22:53:54'),
(34, 'Banjar', 9, '2019-12-06 22:53:54', '2019-12-06 22:53:54'),
(35, 'Banjarbaru', 13, '2019-12-06 22:53:54', '2019-12-06 22:53:54'),
(36, 'Banjarmasin', 13, '2019-12-06 22:53:54', '2019-12-06 22:53:54'),
(37, 'Banjarnegara', 10, '2019-12-06 22:53:54', '2019-12-06 22:53:54'),
(38, 'Bantaeng', 28, '2019-12-06 22:53:54', '2019-12-06 22:53:54'),
(39, 'Bantul', 5, '2019-12-06 22:53:54', '2019-12-06 22:53:54'),
(40, 'Banyuasin', 33, '2019-12-06 22:53:54', '2019-12-06 22:53:54'),
(41, 'Banyumas', 10, '2019-12-06 22:53:54', '2019-12-06 22:53:54'),
(42, 'Banyuwangi', 11, '2019-12-06 22:53:54', '2019-12-06 22:53:54'),
(43, 'Barito Kuala', 13, '2019-12-06 22:53:54', '2019-12-06 22:53:54'),
(44, 'Barito Selatan', 14, '2019-12-06 22:53:55', '2019-12-06 22:53:55'),
(45, 'Barito Timur', 14, '2019-12-06 22:53:55', '2019-12-06 22:53:55'),
(46, 'Barito Utara', 14, '2019-12-06 22:53:55', '2019-12-06 22:53:55'),
(47, 'Barru', 28, '2019-12-06 22:53:55', '2019-12-06 22:53:55'),
(48, 'Batam', 17, '2019-12-06 22:53:55', '2019-12-06 22:53:55'),
(49, 'Batang', 10, '2019-12-06 22:53:55', '2019-12-06 22:53:55'),
(50, 'Batang Hari', 8, '2019-12-06 22:53:55', '2019-12-06 22:53:55'),
(51, 'Batu', 11, '2019-12-06 22:53:55', '2019-12-06 22:53:55'),
(52, 'Batu Bara', 34, '2019-12-06 22:53:55', '2019-12-06 22:53:55'),
(53, 'Bau-Bau', 30, '2019-12-06 22:53:55', '2019-12-06 22:53:55'),
(54, 'Bekasi', 9, '2019-12-06 22:53:55', '2019-12-06 22:53:55'),
(55, 'Bekasi', 9, '2019-12-06 22:53:55', '2019-12-06 22:53:55'),
(56, 'Belitung', 2, '2019-12-06 22:53:55', '2019-12-06 22:53:55'),
(57, 'Belitung Timur', 2, '2019-12-06 22:53:55', '2019-12-06 22:53:55'),
(58, 'Belu', 23, '2019-12-06 22:53:55', '2019-12-06 22:53:55'),
(59, 'Bener Meriah', 21, '2019-12-06 22:53:55', '2019-12-06 22:53:55'),
(60, 'Bengkalis', 26, '2019-12-06 22:53:55', '2019-12-06 22:53:55'),
(61, 'Bengkayang', 12, '2019-12-06 22:53:55', '2019-12-06 22:53:55'),
(62, 'Bengkulu', 4, '2019-12-06 22:53:55', '2019-12-06 22:53:55'),
(63, 'Bengkulu Selatan', 4, '2019-12-06 22:53:55', '2019-12-06 22:53:55'),
(64, 'Bengkulu Tengah', 4, '2019-12-06 22:53:55', '2019-12-06 22:53:55'),
(65, 'Bengkulu Utara', 4, '2019-12-06 22:53:55', '2019-12-06 22:53:55'),
(66, 'Berau', 15, '2019-12-06 22:53:55', '2019-12-06 22:53:55'),
(67, 'Biak Numfor', 24, '2019-12-06 22:53:55', '2019-12-06 22:53:55'),
(68, 'Bima', 22, '2019-12-06 22:53:55', '2019-12-06 22:53:55'),
(69, 'Bima', 22, '2019-12-06 22:53:55', '2019-12-06 22:53:55'),
(70, 'Binjai', 34, '2019-12-06 22:53:55', '2019-12-06 22:53:55'),
(71, 'Bintan', 17, '2019-12-06 22:53:56', '2019-12-06 22:53:56'),
(72, 'Bireuen', 21, '2019-12-06 22:53:56', '2019-12-06 22:53:56'),
(73, 'Bitung', 31, '2019-12-06 22:53:56', '2019-12-06 22:53:56'),
(74, 'Blitar', 11, '2019-12-06 22:53:56', '2019-12-06 22:53:56'),
(75, 'Blitar', 11, '2019-12-06 22:53:56', '2019-12-06 22:53:56'),
(76, 'Blora', 10, '2019-12-06 22:53:56', '2019-12-06 22:53:56'),
(77, 'Boalemo', 7, '2019-12-06 22:53:56', '2019-12-06 22:53:56'),
(78, 'Bogor', 9, '2019-12-06 22:53:56', '2019-12-06 22:53:56'),
(79, 'Bogor', 9, '2019-12-06 22:53:56', '2019-12-06 22:53:56'),
(80, 'Bojonegoro', 11, '2019-12-06 22:53:56', '2019-12-06 22:53:56'),
(81, 'Bolaang Mongondow (Bolmong)', 31, '2019-12-06 22:53:56', '2019-12-06 22:53:56'),
(82, 'Bolaang Mongondow Selatan', 31, '2019-12-06 22:53:56', '2019-12-06 22:53:56'),
(83, 'Bolaang Mongondow Timur', 31, '2019-12-06 22:53:56', '2019-12-06 22:53:56'),
(84, 'Bolaang Mongondow Utara', 31, '2019-12-06 22:53:56', '2019-12-06 22:53:56'),
(85, 'Bombana', 30, '2019-12-06 22:53:56', '2019-12-06 22:53:56'),
(86, 'Bondowoso', 11, '2019-12-06 22:53:56', '2019-12-06 22:53:56'),
(87, 'Bone', 28, '2019-12-06 22:53:56', '2019-12-06 22:53:56'),
(88, 'Bone Bolango', 7, '2019-12-06 22:53:56', '2019-12-06 22:53:56'),
(89, 'Bontang', 15, '2019-12-06 22:53:56', '2019-12-06 22:53:56'),
(90, 'Boven Digoel', 24, '2019-12-06 22:53:56', '2019-12-06 22:53:56'),
(91, 'Boyolali', 10, '2019-12-06 22:53:56', '2019-12-06 22:53:56'),
(92, 'Brebes', 10, '2019-12-06 22:53:56', '2019-12-06 22:53:56'),
(93, 'Bukittinggi', 32, '2019-12-06 22:53:56', '2019-12-06 22:53:56'),
(94, 'Buleleng', 1, '2019-12-06 22:53:56', '2019-12-06 22:53:56'),
(95, 'Bulukumba', 28, '2019-12-06 22:53:57', '2019-12-06 22:53:57'),
(96, 'Bulungan (Bulongan)', 16, '2019-12-06 22:53:57', '2019-12-06 22:53:57'),
(97, 'Bungo', 8, '2019-12-06 22:53:57', '2019-12-06 22:53:57'),
(98, 'Buol', 29, '2019-12-06 22:53:57', '2019-12-06 22:53:57'),
(99, 'Buru', 19, '2019-12-06 22:53:57', '2019-12-06 22:53:57'),
(100, 'Buru Selatan', 19, '2019-12-06 22:53:57', '2019-12-06 22:53:57'),
(101, 'Buton', 30, '2019-12-06 22:53:57', '2019-12-06 22:53:57'),
(102, 'Buton Utara', 30, '2019-12-06 22:53:57', '2019-12-06 22:53:57'),
(103, 'Ciamis', 9, '2019-12-06 22:53:57', '2019-12-06 22:53:57'),
(104, 'Cianjur', 9, '2019-12-06 22:53:57', '2019-12-06 22:53:57'),
(105, 'Cilacap', 10, '2019-12-06 22:53:57', '2019-12-06 22:53:57'),
(106, 'Cilegon', 3, '2019-12-06 22:53:57', '2019-12-06 22:53:57'),
(107, 'Cimahi', 9, '2019-12-06 22:53:57', '2019-12-06 22:53:57'),
(108, 'Cirebon', 9, '2019-12-06 22:53:57', '2019-12-06 22:53:57'),
(109, 'Cirebon', 9, '2019-12-06 22:53:57', '2019-12-06 22:53:57'),
(110, 'Dairi', 34, '2019-12-06 22:53:57', '2019-12-06 22:53:57'),
(111, 'Deiyai (Deliyai)', 24, '2019-12-06 22:53:57', '2019-12-06 22:53:57'),
(112, 'Deli Serdang', 34, '2019-12-06 22:53:57', '2019-12-06 22:53:57'),
(113, 'Demak', 10, '2019-12-06 22:53:57', '2019-12-06 22:53:57'),
(114, 'Denpasar', 1, '2019-12-06 22:53:57', '2019-12-06 22:53:57'),
(115, 'Depok', 9, '2019-12-06 22:53:57', '2019-12-06 22:53:57'),
(116, 'Dharmasraya', 32, '2019-12-06 22:53:57', '2019-12-06 22:53:57'),
(117, 'Dogiyai', 24, '2019-12-06 22:53:57', '2019-12-06 22:53:57'),
(118, 'Dompu', 22, '2019-12-06 22:53:58', '2019-12-06 22:53:58'),
(119, 'Donggala', 29, '2019-12-06 22:53:58', '2019-12-06 22:53:58'),
(120, 'Dumai', 26, '2019-12-06 22:53:58', '2019-12-06 22:53:58'),
(121, 'Empat Lawang', 33, '2019-12-06 22:53:58', '2019-12-06 22:53:58'),
(122, 'Ende', 23, '2019-12-06 22:53:58', '2019-12-06 22:53:58'),
(123, 'Enrekang', 28, '2019-12-06 22:53:58', '2019-12-06 22:53:58'),
(124, 'Fakfak', 25, '2019-12-06 22:53:58', '2019-12-06 22:53:58'),
(125, 'Flores Timur', 23, '2019-12-06 22:53:58', '2019-12-06 22:53:58'),
(126, 'Garut', 9, '2019-12-06 22:53:58', '2019-12-06 22:53:58'),
(127, 'Gayo Lues', 21, '2019-12-06 22:53:58', '2019-12-06 22:53:58'),
(128, 'Gianyar', 1, '2019-12-06 22:53:58', '2019-12-06 22:53:58'),
(129, 'Gorontalo', 7, '2019-12-06 22:53:58', '2019-12-06 22:53:58'),
(130, 'Gorontalo', 7, '2019-12-06 22:53:58', '2019-12-06 22:53:58'),
(131, 'Gorontalo Utara', 7, '2019-12-06 22:53:58', '2019-12-06 22:53:58'),
(132, 'Gowa', 28, '2019-12-06 22:53:58', '2019-12-06 22:53:58'),
(133, 'Gresik', 11, '2019-12-06 22:53:59', '2019-12-06 22:53:59'),
(134, 'Grobogan', 10, '2019-12-06 22:53:59', '2019-12-06 22:53:59'),
(135, 'Gunung Kidul', 5, '2019-12-06 22:53:59', '2019-12-06 22:53:59'),
(136, 'Gunung Mas', 14, '2019-12-06 22:53:59', '2019-12-06 22:53:59'),
(137, 'Gunungsitoli', 34, '2019-12-06 22:53:59', '2019-12-06 22:53:59'),
(138, 'Halmahera Barat', 20, '2019-12-06 22:53:59', '2019-12-06 22:53:59'),
(139, 'Halmahera Selatan', 20, '2019-12-06 22:53:59', '2019-12-06 22:53:59'),
(140, 'Halmahera Tengah', 20, '2019-12-06 22:53:59', '2019-12-06 22:53:59'),
(141, 'Halmahera Timur', 20, '2019-12-06 22:53:59', '2019-12-06 22:53:59'),
(142, 'Halmahera Utara', 20, '2019-12-06 22:53:59', '2019-12-06 22:53:59'),
(143, 'Hulu Sungai Selatan', 13, '2019-12-06 22:53:59', '2019-12-06 22:53:59'),
(144, 'Hulu Sungai Tengah', 13, '2019-12-06 22:53:59', '2019-12-06 22:53:59'),
(145, 'Hulu Sungai Utara', 13, '2019-12-06 22:53:59', '2019-12-06 22:53:59'),
(146, 'Humbang Hasundutan', 34, '2019-12-06 22:53:59', '2019-12-06 22:53:59'),
(147, 'Indragiri Hilir', 26, '2019-12-06 22:53:59', '2019-12-06 22:53:59'),
(148, 'Indragiri Hulu', 26, '2019-12-06 22:53:59', '2019-12-06 22:53:59'),
(149, 'Indramayu', 9, '2019-12-06 22:53:59', '2019-12-06 22:53:59'),
(150, 'Intan Jaya', 24, '2019-12-06 22:53:59', '2019-12-06 22:53:59'),
(151, 'Jakarta Barat', 6, '2019-12-06 22:53:59', '2019-12-06 22:53:59'),
(152, 'Jakarta Pusat', 6, '2019-12-06 22:53:59', '2019-12-06 22:53:59'),
(153, 'Jakarta Selatan', 6, '2019-12-06 22:53:59', '2019-12-06 22:53:59'),
(154, 'Jakarta Timur', 6, '2019-12-06 22:53:59', '2019-12-06 22:53:59'),
(155, 'Jakarta Utara', 6, '2019-12-06 22:53:59', '2019-12-06 22:53:59'),
(156, 'Jambi', 8, '2019-12-06 22:53:59', '2019-12-06 22:53:59'),
(157, 'Jayapura', 24, '2019-12-06 22:53:59', '2019-12-06 22:53:59'),
(158, 'Jayapura', 24, '2019-12-06 22:53:59', '2019-12-06 22:53:59'),
(159, 'Jayawijaya', 24, '2019-12-06 22:53:59', '2019-12-06 22:53:59'),
(160, 'Jember', 11, '2019-12-06 22:53:59', '2019-12-06 22:53:59'),
(161, 'Jembrana', 1, '2019-12-06 22:53:59', '2019-12-06 22:53:59'),
(162, 'Jeneponto', 28, '2019-12-06 22:53:59', '2019-12-06 22:53:59'),
(163, 'Jepara', 10, '2019-12-06 22:53:59', '2019-12-06 22:53:59'),
(164, 'Jombang', 11, '2019-12-06 22:54:00', '2019-12-06 22:54:00'),
(165, 'Kaimana', 25, '2019-12-06 22:54:00', '2019-12-06 22:54:00'),
(166, 'Kampar', 26, '2019-12-06 22:54:00', '2019-12-06 22:54:00'),
(167, 'Kapuas', 14, '2019-12-06 22:54:00', '2019-12-06 22:54:00'),
(168, 'Kapuas Hulu', 12, '2019-12-06 22:54:00', '2019-12-06 22:54:00'),
(169, 'Karanganyar', 10, '2019-12-06 22:54:00', '2019-12-06 22:54:00'),
(170, 'Karangasem', 1, '2019-12-06 22:54:00', '2019-12-06 22:54:00'),
(171, 'Karawang', 9, '2019-12-06 22:54:00', '2019-12-06 22:54:00'),
(172, 'Karimun', 17, '2019-12-06 22:54:00', '2019-12-06 22:54:00'),
(173, 'Karo', 34, '2019-12-06 22:54:00', '2019-12-06 22:54:00'),
(174, 'Katingan', 14, '2019-12-06 22:54:00', '2019-12-06 22:54:00'),
(175, 'Kaur', 4, '2019-12-06 22:54:00', '2019-12-06 22:54:00'),
(176, 'Kayong Utara', 12, '2019-12-06 22:54:00', '2019-12-06 22:54:00'),
(177, 'Kebumen', 10, '2019-12-06 22:54:00', '2019-12-06 22:54:00'),
(178, 'Kediri', 11, '2019-12-06 22:54:00', '2019-12-06 22:54:00'),
(179, 'Kediri', 11, '2019-12-06 22:54:00', '2019-12-06 22:54:00'),
(180, 'Keerom', 24, '2019-12-06 22:54:00', '2019-12-06 22:54:00'),
(181, 'Kendal', 10, '2019-12-06 22:54:00', '2019-12-06 22:54:00'),
(182, 'Kendari', 30, '2019-12-06 22:54:00', '2019-12-06 22:54:00'),
(183, 'Kepahiang', 4, '2019-12-06 22:54:00', '2019-12-06 22:54:00'),
(184, 'Kepulauan Anambas', 17, '2019-12-06 22:54:00', '2019-12-06 22:54:00'),
(185, 'Kepulauan Aru', 19, '2019-12-06 22:54:00', '2019-12-06 22:54:00'),
(186, 'Kepulauan Mentawai', 32, '2019-12-06 22:54:00', '2019-12-06 22:54:00'),
(187, 'Kepulauan Meranti', 26, '2019-12-06 22:54:00', '2019-12-06 22:54:00'),
(188, 'Kepulauan Sangihe', 31, '2019-12-06 22:54:00', '2019-12-06 22:54:00'),
(189, 'Kepulauan Seribu', 6, '2019-12-06 22:54:00', '2019-12-06 22:54:00'),
(190, 'Kepulauan Siau Tagulandang Biaro (Sitaro)', 31, '2019-12-06 22:54:00', '2019-12-06 22:54:00'),
(191, 'Kepulauan Sula', 20, '2019-12-06 22:54:00', '2019-12-06 22:54:00'),
(192, 'Kepulauan Talaud', 31, '2019-12-06 22:54:00', '2019-12-06 22:54:00'),
(193, 'Kepulauan Yapen (Yapen Waropen)', 24, '2019-12-06 22:54:00', '2019-12-06 22:54:00'),
(194, 'Kerinci', 8, '2019-12-06 22:54:00', '2019-12-06 22:54:00'),
(195, 'Ketapang', 12, '2019-12-06 22:54:00', '2019-12-06 22:54:00'),
(196, 'Klaten', 10, '2019-12-06 22:54:00', '2019-12-06 22:54:00'),
(197, 'Klungkung', 1, '2019-12-06 22:54:01', '2019-12-06 22:54:01'),
(198, 'Kolaka', 30, '2019-12-06 22:54:01', '2019-12-06 22:54:01'),
(199, 'Kolaka Utara', 30, '2019-12-06 22:54:01', '2019-12-06 22:54:01'),
(200, 'Konawe', 30, '2019-12-06 22:54:01', '2019-12-06 22:54:01'),
(201, 'Konawe Selatan', 30, '2019-12-06 22:54:01', '2019-12-06 22:54:01'),
(202, 'Konawe Utara', 30, '2019-12-06 22:54:01', '2019-12-06 22:54:01'),
(203, 'Kotabaru', 13, '2019-12-06 22:54:01', '2019-12-06 22:54:01'),
(204, 'Kotamobagu', 31, '2019-12-06 22:54:01', '2019-12-06 22:54:01'),
(205, 'Kotawaringin Barat', 14, '2019-12-06 22:54:01', '2019-12-06 22:54:01'),
(206, 'Kotawaringin Timur', 14, '2019-12-06 22:54:01', '2019-12-06 22:54:01'),
(207, 'Kuantan Singingi', 26, '2019-12-06 22:54:01', '2019-12-06 22:54:01'),
(208, 'Kubu Raya', 12, '2019-12-06 22:54:01', '2019-12-06 22:54:01'),
(209, 'Kudus', 10, '2019-12-06 22:54:01', '2019-12-06 22:54:01'),
(210, 'Kulon Progo', 5, '2019-12-06 22:54:01', '2019-12-06 22:54:01'),
(211, 'Kuningan', 9, '2019-12-06 22:54:01', '2019-12-06 22:54:01'),
(212, 'Kupang', 23, '2019-12-06 22:54:01', '2019-12-06 22:54:01'),
(213, 'Kupang', 23, '2019-12-06 22:54:01', '2019-12-06 22:54:01'),
(214, 'Kutai Barat', 15, '2019-12-06 22:54:01', '2019-12-06 22:54:01'),
(215, 'Kutai Kartanegara', 15, '2019-12-06 22:54:01', '2019-12-06 22:54:01'),
(216, 'Kutai Timur', 15, '2019-12-06 22:54:01', '2019-12-06 22:54:01'),
(217, 'Labuhan Batu', 34, '2019-12-06 22:54:01', '2019-12-06 22:54:01'),
(218, 'Labuhan Batu Selatan', 34, '2019-12-06 22:54:01', '2019-12-06 22:54:01'),
(219, 'Labuhan Batu Utara', 34, '2019-12-06 22:54:01', '2019-12-06 22:54:01'),
(220, 'Lahat', 33, '2019-12-06 22:54:01', '2019-12-06 22:54:01'),
(221, 'Lamandau', 14, '2019-12-06 22:54:01', '2019-12-06 22:54:01'),
(222, 'Lamongan', 11, '2019-12-06 22:54:01', '2019-12-06 22:54:01'),
(223, 'Lampung Barat', 18, '2019-12-06 22:54:01', '2019-12-06 22:54:01'),
(224, 'Lampung Selatan', 18, '2019-12-06 22:54:01', '2019-12-06 22:54:01'),
(225, 'Lampung Tengah', 18, '2019-12-06 22:54:01', '2019-12-06 22:54:01'),
(226, 'Lampung Timur', 18, '2019-12-06 22:54:01', '2019-12-06 22:54:01'),
(227, 'Lampung Utara', 18, '2019-12-06 22:54:02', '2019-12-06 22:54:02'),
(228, 'Landak', 12, '2019-12-06 22:54:02', '2019-12-06 22:54:02'),
(229, 'Langkat', 34, '2019-12-06 22:54:02', '2019-12-06 22:54:02'),
(230, 'Langsa', 21, '2019-12-06 22:54:02', '2019-12-06 22:54:02'),
(231, 'Lanny Jaya', 24, '2019-12-06 22:54:02', '2019-12-06 22:54:02'),
(232, 'Lebak', 3, '2019-12-06 22:54:02', '2019-12-06 22:54:02'),
(233, 'Lebong', 4, '2019-12-06 22:54:02', '2019-12-06 22:54:02'),
(234, 'Lembata', 23, '2019-12-06 22:54:02', '2019-12-06 22:54:02'),
(235, 'Lhokseumawe', 21, '2019-12-06 22:54:02', '2019-12-06 22:54:02'),
(236, 'Lima Puluh Koto/Kota', 32, '2019-12-06 22:54:02', '2019-12-06 22:54:02'),
(237, 'Lingga', 17, '2019-12-06 22:54:02', '2019-12-06 22:54:02'),
(238, 'Lombok Barat', 22, '2019-12-06 22:54:02', '2019-12-06 22:54:02'),
(239, 'Lombok Tengah', 22, '2019-12-06 22:54:02', '2019-12-06 22:54:02'),
(240, 'Lombok Timur', 22, '2019-12-06 22:54:02', '2019-12-06 22:54:02'),
(241, 'Lombok Utara', 22, '2019-12-06 22:54:02', '2019-12-06 22:54:02'),
(242, 'Lubuk Linggau', 33, '2019-12-06 22:54:02', '2019-12-06 22:54:02'),
(243, 'Lumajang', 11, '2019-12-06 22:54:02', '2019-12-06 22:54:02'),
(244, 'Luwu', 28, '2019-12-06 22:54:02', '2019-12-06 22:54:02'),
(245, 'Luwu Timur', 28, '2019-12-06 22:54:02', '2019-12-06 22:54:02'),
(246, 'Luwu Utara', 28, '2019-12-06 22:54:02', '2019-12-06 22:54:02'),
(247, 'Madiun', 11, '2019-12-06 22:54:02', '2019-12-06 22:54:02'),
(248, 'Madiun', 11, '2019-12-06 22:54:02', '2019-12-06 22:54:02'),
(249, 'Magelang', 10, '2019-12-06 22:54:02', '2019-12-06 22:54:02'),
(250, 'Magelang', 10, '2019-12-06 22:54:02', '2019-12-06 22:54:02'),
(251, 'Magetan', 11, '2019-12-06 22:54:02', '2019-12-06 22:54:02'),
(252, 'Majalengka', 9, '2019-12-06 22:54:02', '2019-12-06 22:54:02'),
(253, 'Majene', 27, '2019-12-06 22:54:02', '2019-12-06 22:54:02'),
(254, 'Makassar', 28, '2019-12-06 22:54:02', '2019-12-06 22:54:02'),
(255, 'Malang', 11, '2019-12-06 22:54:02', '2019-12-06 22:54:02'),
(256, 'Malang', 11, '2019-12-06 22:54:02', '2019-12-06 22:54:02'),
(257, 'Malinau', 16, '2019-12-06 22:54:02', '2019-12-06 22:54:02'),
(258, 'Maluku Barat Daya', 19, '2019-12-06 22:54:02', '2019-12-06 22:54:02'),
(259, 'Maluku Tengah', 19, '2019-12-06 22:54:02', '2019-12-06 22:54:02'),
(260, 'Maluku Tenggara', 19, '2019-12-06 22:54:02', '2019-12-06 22:54:02'),
(261, 'Maluku Tenggara Barat', 19, '2019-12-06 22:54:02', '2019-12-06 22:54:02'),
(262, 'Mamasa', 27, '2019-12-06 22:54:03', '2019-12-06 22:54:03'),
(263, 'Mamberamo Raya', 24, '2019-12-06 22:54:03', '2019-12-06 22:54:03'),
(264, 'Mamberamo Tengah', 24, '2019-12-06 22:54:03', '2019-12-06 22:54:03'),
(265, 'Mamuju', 27, '2019-12-06 22:54:03', '2019-12-06 22:54:03'),
(266, 'Mamuju Utara', 27, '2019-12-06 22:54:03', '2019-12-06 22:54:03'),
(267, 'Manado', 31, '2019-12-06 22:54:03', '2019-12-06 22:54:03'),
(268, 'Mandailing Natal', 34, '2019-12-06 22:54:03', '2019-12-06 22:54:03'),
(269, 'Manggarai', 23, '2019-12-06 22:54:03', '2019-12-06 22:54:03'),
(270, 'Manggarai Barat', 23, '2019-12-06 22:54:03', '2019-12-06 22:54:03'),
(271, 'Manggarai Timur', 23, '2019-12-06 22:54:03', '2019-12-06 22:54:03'),
(272, 'Manokwari', 25, '2019-12-06 22:54:03', '2019-12-06 22:54:03'),
(273, 'Manokwari Selatan', 25, '2019-12-06 22:54:03', '2019-12-06 22:54:03'),
(274, 'Mappi', 24, '2019-12-06 22:54:03', '2019-12-06 22:54:03'),
(275, 'Maros', 28, '2019-12-06 22:54:03', '2019-12-06 22:54:03'),
(276, 'Mataram', 22, '2019-12-06 22:54:03', '2019-12-06 22:54:03'),
(277, 'Maybrat', 25, '2019-12-06 22:54:03', '2019-12-06 22:54:03'),
(278, 'Medan', 34, '2019-12-06 22:54:03', '2019-12-06 22:54:03'),
(279, 'Melawi', 12, '2019-12-06 22:54:03', '2019-12-06 22:54:03'),
(280, 'Merangin', 8, '2019-12-06 22:54:03', '2019-12-06 22:54:03'),
(281, 'Merauke', 24, '2019-12-06 22:54:03', '2019-12-06 22:54:03'),
(282, 'Mesuji', 18, '2019-12-06 22:54:03', '2019-12-06 22:54:03'),
(283, 'Metro', 18, '2019-12-06 22:54:03', '2019-12-06 22:54:03'),
(284, 'Mimika', 24, '2019-12-06 22:54:03', '2019-12-06 22:54:03'),
(285, 'Minahasa', 31, '2019-12-06 22:54:03', '2019-12-06 22:54:03'),
(286, 'Minahasa Selatan', 31, '2019-12-06 22:54:03', '2019-12-06 22:54:03'),
(287, 'Minahasa Tenggara', 31, '2019-12-06 22:54:03', '2019-12-06 22:54:03'),
(288, 'Minahasa Utara', 31, '2019-12-06 22:54:04', '2019-12-06 22:54:04'),
(289, 'Mojokerto', 11, '2019-12-06 22:54:04', '2019-12-06 22:54:04'),
(290, 'Mojokerto', 11, '2019-12-06 22:54:04', '2019-12-06 22:54:04'),
(291, 'Morowali', 29, '2019-12-06 22:54:04', '2019-12-06 22:54:04'),
(292, 'Muara Enim', 33, '2019-12-06 22:54:04', '2019-12-06 22:54:04'),
(293, 'Muaro Jambi', 8, '2019-12-06 22:54:04', '2019-12-06 22:54:04'),
(294, 'Muko Muko', 4, '2019-12-06 22:54:04', '2019-12-06 22:54:04'),
(295, 'Muna', 30, '2019-12-06 22:54:04', '2019-12-06 22:54:04'),
(296, 'Murung Raya', 14, '2019-12-06 22:54:04', '2019-12-06 22:54:04'),
(297, 'Musi Banyuasin', 33, '2019-12-06 22:54:04', '2019-12-06 22:54:04'),
(298, 'Musi Rawas', 33, '2019-12-06 22:54:04', '2019-12-06 22:54:04'),
(299, 'Nabire', 24, '2019-12-06 22:54:04', '2019-12-06 22:54:04'),
(300, 'Nagan Raya', 21, '2019-12-06 22:54:04', '2019-12-06 22:54:04'),
(301, 'Nagekeo', 23, '2019-12-06 22:54:04', '2019-12-06 22:54:04'),
(302, 'Natuna', 17, '2019-12-06 22:54:04', '2019-12-06 22:54:04'),
(303, 'Nduga', 24, '2019-12-06 22:54:04', '2019-12-06 22:54:04'),
(304, 'Ngada', 23, '2019-12-06 22:54:04', '2019-12-06 22:54:04'),
(305, 'Nganjuk', 11, '2019-12-06 22:54:04', '2019-12-06 22:54:04'),
(306, 'Ngawi', 11, '2019-12-06 22:54:04', '2019-12-06 22:54:04'),
(307, 'Nias', 34, '2019-12-06 22:54:04', '2019-12-06 22:54:04'),
(308, 'Nias Barat', 34, '2019-12-06 22:54:04', '2019-12-06 22:54:04'),
(309, 'Nias Selatan', 34, '2019-12-06 22:54:04', '2019-12-06 22:54:04'),
(310, 'Nias Utara', 34, '2019-12-06 22:54:04', '2019-12-06 22:54:04'),
(311, 'Nunukan', 16, '2019-12-06 22:54:04', '2019-12-06 22:54:04'),
(312, 'Ogan Ilir', 33, '2019-12-06 22:54:04', '2019-12-06 22:54:04'),
(313, 'Ogan Komering Ilir', 33, '2019-12-06 22:54:04', '2019-12-06 22:54:04'),
(314, 'Ogan Komering Ulu', 33, '2019-12-06 22:54:04', '2019-12-06 22:54:04'),
(315, 'Ogan Komering Ulu Selatan', 33, '2019-12-06 22:54:04', '2019-12-06 22:54:04'),
(316, 'Ogan Komering Ulu Timur', 33, '2019-12-06 22:54:05', '2019-12-06 22:54:05'),
(317, 'Pacitan', 11, '2019-12-06 22:54:05', '2019-12-06 22:54:05'),
(318, 'Padang', 32, '2019-12-06 22:54:05', '2019-12-06 22:54:05'),
(319, 'Padang Lawas', 34, '2019-12-06 22:54:05', '2019-12-06 22:54:05'),
(320, 'Padang Lawas Utara', 34, '2019-12-06 22:54:05', '2019-12-06 22:54:05'),
(321, 'Padang Panjang', 32, '2019-12-06 22:54:05', '2019-12-06 22:54:05'),
(322, 'Padang Pariaman', 32, '2019-12-06 22:54:05', '2019-12-06 22:54:05'),
(323, 'Padang Sidempuan', 34, '2019-12-06 22:54:05', '2019-12-06 22:54:05'),
(324, 'Pagar Alam', 33, '2019-12-06 22:54:05', '2019-12-06 22:54:05'),
(325, 'Pakpak Bharat', 34, '2019-12-06 22:54:05', '2019-12-06 22:54:05'),
(326, 'Palangka Raya', 14, '2019-12-06 22:54:05', '2019-12-06 22:54:05'),
(327, 'Palembang', 33, '2019-12-06 22:54:05', '2019-12-06 22:54:05'),
(328, 'Palopo', 28, '2019-12-06 22:54:05', '2019-12-06 22:54:05'),
(329, 'Palu', 29, '2019-12-06 22:54:05', '2019-12-06 22:54:05'),
(330, 'Pamekasan', 11, '2019-12-06 22:54:05', '2019-12-06 22:54:05'),
(331, 'Pandeglang', 3, '2019-12-06 22:54:05', '2019-12-06 22:54:05'),
(332, 'Pangandaran', 9, '2019-12-06 22:54:05', '2019-12-06 22:54:05'),
(333, 'Pangkajene Kepulauan', 28, '2019-12-06 22:54:05', '2019-12-06 22:54:05'),
(334, 'Pangkal Pinang', 2, '2019-12-06 22:54:05', '2019-12-06 22:54:05'),
(335, 'Paniai', 24, '2019-12-06 22:54:05', '2019-12-06 22:54:05'),
(336, 'Parepare', 28, '2019-12-06 22:54:05', '2019-12-06 22:54:05'),
(337, 'Pariaman', 32, '2019-12-06 22:54:05', '2019-12-06 22:54:05'),
(338, 'Parigi Moutong', 29, '2019-12-06 22:54:05', '2019-12-06 22:54:05'),
(339, 'Pasaman', 32, '2019-12-06 22:54:05', '2019-12-06 22:54:05'),
(340, 'Pasaman Barat', 32, '2019-12-06 22:54:05', '2019-12-06 22:54:05'),
(341, 'Paser', 15, '2019-12-06 22:54:05', '2019-12-06 22:54:05'),
(342, 'Pasuruan', 11, '2019-12-06 22:54:05', '2019-12-06 22:54:05'),
(343, 'Pasuruan', 11, '2019-12-06 22:54:06', '2019-12-06 22:54:06'),
(344, 'Pati', 10, '2019-12-06 22:54:06', '2019-12-06 22:54:06'),
(345, 'Payakumbuh', 32, '2019-12-06 22:54:06', '2019-12-06 22:54:06'),
(346, 'Pegunungan Arfak', 25, '2019-12-06 22:54:06', '2019-12-06 22:54:06'),
(347, 'Pegunungan Bintang', 24, '2019-12-06 22:54:06', '2019-12-06 22:54:06'),
(348, 'Pekalongan', 10, '2019-12-06 22:54:06', '2019-12-06 22:54:06'),
(349, 'Pekalongan', 10, '2019-12-06 22:54:06', '2019-12-06 22:54:06'),
(350, 'Pekanbaru', 26, '2019-12-06 22:54:06', '2019-12-06 22:54:06'),
(351, 'Pelalawan', 26, '2019-12-06 22:54:06', '2019-12-06 22:54:06'),
(352, 'Pemalang', 10, '2019-12-06 22:54:06', '2019-12-06 22:54:06'),
(353, 'Pematang Siantar', 34, '2019-12-06 22:54:06', '2019-12-06 22:54:06'),
(354, 'Penajam Paser Utara', 15, '2019-12-06 22:54:06', '2019-12-06 22:54:06'),
(355, 'Pesawaran', 18, '2019-12-06 22:54:06', '2019-12-06 22:54:06'),
(356, 'Pesisir Barat', 18, '2019-12-06 22:54:06', '2019-12-06 22:54:06'),
(357, 'Pesisir Selatan', 32, '2019-12-06 22:54:06', '2019-12-06 22:54:06'),
(358, 'Pidie', 21, '2019-12-06 22:54:06', '2019-12-06 22:54:06'),
(359, 'Pidie Jaya', 21, '2019-12-06 22:54:06', '2019-12-06 22:54:06'),
(360, 'Pinrang', 28, '2019-12-06 22:54:06', '2019-12-06 22:54:06'),
(361, 'Pohuwato', 7, '2019-12-06 22:54:06', '2019-12-06 22:54:06'),
(362, 'Polewali Mandar', 27, '2019-12-06 22:54:06', '2019-12-06 22:54:06'),
(363, 'Ponorogo', 11, '2019-12-06 22:54:06', '2019-12-06 22:54:06'),
(364, 'Pontianak', 12, '2019-12-06 22:54:06', '2019-12-06 22:54:06'),
(365, 'Pontianak', 12, '2019-12-06 22:54:06', '2019-12-06 22:54:06'),
(366, 'Poso', 29, '2019-12-06 22:54:06', '2019-12-06 22:54:06'),
(367, 'Prabumulih', 33, '2019-12-06 22:54:06', '2019-12-06 22:54:06'),
(368, 'Pringsewu', 18, '2019-12-06 22:54:06', '2019-12-06 22:54:06'),
(369, 'Probolinggo', 11, '2019-12-06 22:54:06', '2019-12-06 22:54:06'),
(370, 'Probolinggo', 11, '2019-12-06 22:54:06', '2019-12-06 22:54:06'),
(371, 'Pulang Pisau', 14, '2019-12-06 22:54:06', '2019-12-06 22:54:06'),
(372, 'Pulau Morotai', 20, '2019-12-06 22:54:07', '2019-12-06 22:54:07'),
(373, 'Puncak', 24, '2019-12-06 22:54:07', '2019-12-06 22:54:07'),
(374, 'Puncak Jaya', 24, '2019-12-06 22:54:07', '2019-12-06 22:54:07'),
(375, 'Purbalingga', 10, '2019-12-06 22:54:07', '2019-12-06 22:54:07'),
(376, 'Purwakarta', 9, '2019-12-06 22:54:07', '2019-12-06 22:54:07'),
(377, 'Purworejo', 10, '2019-12-06 22:54:07', '2019-12-06 22:54:07'),
(378, 'Raja Ampat', 25, '2019-12-06 22:54:07', '2019-12-06 22:54:07'),
(379, 'Rejang Lebong', 4, '2019-12-06 22:54:07', '2019-12-06 22:54:07'),
(380, 'Rembang', 10, '2019-12-06 22:54:07', '2019-12-06 22:54:07'),
(381, 'Rokan Hilir', 26, '2019-12-06 22:54:07', '2019-12-06 22:54:07'),
(382, 'Rokan Hulu', 26, '2019-12-06 22:54:07', '2019-12-06 22:54:07'),
(383, 'Rote Ndao', 23, '2019-12-06 22:54:07', '2019-12-06 22:54:07'),
(384, 'Sabang', 21, '2019-12-06 22:54:07', '2019-12-06 22:54:07'),
(385, 'Sabu Raijua', 23, '2019-12-06 22:54:07', '2019-12-06 22:54:07'),
(386, 'Salatiga', 10, '2019-12-06 22:54:07', '2019-12-06 22:54:07'),
(387, 'Samarinda', 15, '2019-12-06 22:54:07', '2019-12-06 22:54:07'),
(388, 'Sambas', 12, '2019-12-06 22:54:07', '2019-12-06 22:54:07'),
(389, 'Samosir', 34, '2019-12-06 22:54:07', '2019-12-06 22:54:07'),
(390, 'Sampang', 11, '2019-12-06 22:54:07', '2019-12-06 22:54:07'),
(391, 'Sanggau', 12, '2019-12-06 22:54:07', '2019-12-06 22:54:07'),
(392, 'Sarmi', 24, '2019-12-06 22:54:07', '2019-12-06 22:54:07'),
(393, 'Sarolangun', 8, '2019-12-06 22:54:07', '2019-12-06 22:54:07'),
(394, 'Sawah Lunto', 32, '2019-12-06 22:54:07', '2019-12-06 22:54:07'),
(395, 'Sekadau', 12, '2019-12-06 22:54:07', '2019-12-06 22:54:07'),
(396, 'Selayar (Kepulauan Selayar)', 28, '2019-12-06 22:54:07', '2019-12-06 22:54:07'),
(397, 'Seluma', 4, '2019-12-06 22:54:07', '2019-12-06 22:54:07'),
(398, 'Semarang', 10, '2019-12-06 22:54:07', '2019-12-06 22:54:07'),
(399, 'Semarang', 10, '2019-12-06 22:54:07', '2019-12-06 22:54:07'),
(400, 'Seram Bagian Barat', 19, '2019-12-06 22:54:07', '2019-12-06 22:54:07'),
(401, 'Seram Bagian Timur', 19, '2019-12-06 22:54:08', '2019-12-06 22:54:08'),
(402, 'Serang', 3, '2019-12-06 22:54:08', '2019-12-06 22:54:08'),
(403, 'Serang', 3, '2019-12-06 22:54:08', '2019-12-06 22:54:08'),
(404, 'Serdang Bedagai', 34, '2019-12-06 22:54:08', '2019-12-06 22:54:08'),
(405, 'Seruyan', 14, '2019-12-06 22:54:08', '2019-12-06 22:54:08'),
(406, 'Siak', 26, '2019-12-06 22:54:08', '2019-12-06 22:54:08'),
(407, 'Sibolga', 34, '2019-12-06 22:54:08', '2019-12-06 22:54:08'),
(408, 'Sidenreng Rappang/Rapang', 28, '2019-12-06 22:54:08', '2019-12-06 22:54:08'),
(409, 'Sidoarjo', 11, '2019-12-06 22:54:08', '2019-12-06 22:54:08'),
(410, 'Sigi', 29, '2019-12-06 22:54:08', '2019-12-06 22:54:08'),
(411, 'Sijunjung (Sawah Lunto Sijunjung)', 32, '2019-12-06 22:54:08', '2019-12-06 22:54:08'),
(412, 'Sikka', 23, '2019-12-06 22:54:08', '2019-12-06 22:54:08'),
(413, 'Simalungun', 34, '2019-12-06 22:54:08', '2019-12-06 22:54:08'),
(414, 'Simeulue', 21, '2019-12-06 22:54:08', '2019-12-06 22:54:08'),
(415, 'Singkawang', 12, '2019-12-06 22:54:08', '2019-12-06 22:54:08'),
(416, 'Sinjai', 28, '2019-12-06 22:54:08', '2019-12-06 22:54:08'),
(417, 'Sintang', 12, '2019-12-06 22:54:08', '2019-12-06 22:54:08'),
(418, 'Situbondo', 11, '2019-12-06 22:54:08', '2019-12-06 22:54:08'),
(419, 'Sleman', 5, '2019-12-06 22:54:08', '2019-12-06 22:54:08'),
(420, 'Solok', 32, '2019-12-06 22:54:08', '2019-12-06 22:54:08'),
(421, 'Solok', 32, '2019-12-06 22:54:08', '2019-12-06 22:54:08'),
(422, 'Solok Selatan', 32, '2019-12-06 22:54:08', '2019-12-06 22:54:08'),
(423, 'Soppeng', 28, '2019-12-06 22:54:08', '2019-12-06 22:54:08'),
(424, 'Sorong', 25, '2019-12-06 22:54:08', '2019-12-06 22:54:08'),
(425, 'Sorong', 25, '2019-12-06 22:54:08', '2019-12-06 22:54:08'),
(426, 'Sorong Selatan', 25, '2019-12-06 22:54:08', '2019-12-06 22:54:08'),
(427, 'Sragen', 10, '2019-12-06 22:54:08', '2019-12-06 22:54:08'),
(428, 'Subang', 9, '2019-12-06 22:54:08', '2019-12-06 22:54:08'),
(429, 'Subulussalam', 21, '2019-12-06 22:54:08', '2019-12-06 22:54:08'),
(430, 'Sukabumi', 9, '2019-12-06 22:54:09', '2019-12-06 22:54:09'),
(431, 'Sukabumi', 9, '2019-12-06 22:54:09', '2019-12-06 22:54:09'),
(432, 'Sukamara', 14, '2019-12-06 22:54:09', '2019-12-06 22:54:09'),
(433, 'Sukoharjo', 10, '2019-12-06 22:54:09', '2019-12-06 22:54:09'),
(434, 'Sumba Barat', 23, '2019-12-06 22:54:09', '2019-12-06 22:54:09'),
(435, 'Sumba Barat Daya', 23, '2019-12-06 22:54:09', '2019-12-06 22:54:09'),
(436, 'Sumba Tengah', 23, '2019-12-06 22:54:09', '2019-12-06 22:54:09'),
(437, 'Sumba Timur', 23, '2019-12-06 22:54:09', '2019-12-06 22:54:09'),
(438, 'Sumbawa', 22, '2019-12-06 22:54:09', '2019-12-06 22:54:09'),
(439, 'Sumbawa Barat', 22, '2019-12-06 22:54:09', '2019-12-06 22:54:09'),
(440, 'Sumedang', 9, '2019-12-06 22:54:09', '2019-12-06 22:54:09'),
(441, 'Sumenep', 11, '2019-12-06 22:54:09', '2019-12-06 22:54:09'),
(442, 'Sungaipenuh', 8, '2019-12-06 22:54:09', '2019-12-06 22:54:09'),
(443, 'Supiori', 24, '2019-12-06 22:54:09', '2019-12-06 22:54:09'),
(444, 'Surabaya', 11, '2019-12-06 22:54:09', '2019-12-06 22:54:09'),
(445, 'Surakarta (Solo)', 10, '2019-12-06 22:54:09', '2019-12-06 22:54:09'),
(446, 'Tabalong', 13, '2019-12-06 22:54:09', '2019-12-06 22:54:09'),
(447, 'Tabanan', 1, '2019-12-06 22:54:09', '2019-12-06 22:54:09'),
(448, 'Takalar', 28, '2019-12-06 22:54:09', '2019-12-06 22:54:09'),
(449, 'Tambrauw', 25, '2019-12-06 22:54:09', '2019-12-06 22:54:09'),
(450, 'Tana Tidung', 16, '2019-12-06 22:54:09', '2019-12-06 22:54:09'),
(451, 'Tana Toraja', 28, '2019-12-06 22:54:09', '2019-12-06 22:54:09'),
(452, 'Tanah Bumbu', 13, '2019-12-06 22:54:09', '2019-12-06 22:54:09'),
(453, 'Tanah Datar', 32, '2019-12-06 22:54:09', '2019-12-06 22:54:09'),
(454, 'Tanah Laut', 13, '2019-12-06 22:54:09', '2019-12-06 22:54:09'),
(455, 'Tangerang', 3, '2019-12-06 22:54:09', '2019-12-06 22:54:09'),
(456, 'Tangerang', 3, '2019-12-06 22:54:09', '2019-12-06 22:54:09'),
(457, 'Tangerang Selatan', 3, '2019-12-06 22:54:09', '2019-12-06 22:54:09'),
(458, 'Tanggamus', 18, '2019-12-06 22:54:09', '2019-12-06 22:54:09'),
(459, 'Tanjung Balai', 34, '2019-12-06 22:54:09', '2019-12-06 22:54:09'),
(460, 'Tanjung Jabung Barat', 8, '2019-12-06 22:54:09', '2019-12-06 22:54:09'),
(461, 'Tanjung Jabung Timur', 8, '2019-12-06 22:54:09', '2019-12-06 22:54:09'),
(462, 'Tanjung Pinang', 17, '2019-12-06 22:54:10', '2019-12-06 22:54:10'),
(463, 'Tapanuli Selatan', 34, '2019-12-06 22:54:10', '2019-12-06 22:54:10'),
(464, 'Tapanuli Tengah', 34, '2019-12-06 22:54:10', '2019-12-06 22:54:10'),
(465, 'Tapanuli Utara', 34, '2019-12-06 22:54:10', '2019-12-06 22:54:10'),
(466, 'Tapin', 13, '2019-12-06 22:54:10', '2019-12-06 22:54:10'),
(467, 'Tarakan', 16, '2019-12-06 22:54:10', '2019-12-06 22:54:10'),
(468, 'Tasikmalaya', 9, '2019-12-06 22:54:10', '2019-12-06 22:54:10'),
(469, 'Tasikmalaya', 9, '2019-12-06 22:54:10', '2019-12-06 22:54:10'),
(470, 'Tebing Tinggi', 34, '2019-12-06 22:54:10', '2019-12-06 22:54:10'),
(471, 'Tebo', 8, '2019-12-06 22:54:10', '2019-12-06 22:54:10'),
(472, 'Tegal', 10, '2019-12-06 22:54:10', '2019-12-06 22:54:10'),
(473, 'Tegal', 10, '2019-12-06 22:54:10', '2019-12-06 22:54:10'),
(474, 'Teluk Bintuni', 25, '2019-12-06 22:54:10', '2019-12-06 22:54:10'),
(475, 'Teluk Wondama', 25, '2019-12-06 22:54:10', '2019-12-06 22:54:10'),
(476, 'Temanggung', 10, '2019-12-06 22:54:10', '2019-12-06 22:54:10'),
(477, 'Ternate', 20, '2019-12-06 22:54:10', '2019-12-06 22:54:10'),
(478, 'Tidore Kepulauan', 20, '2019-12-06 22:54:10', '2019-12-06 22:54:10'),
(479, 'Timor Tengah Selatan', 23, '2019-12-06 22:54:10', '2019-12-06 22:54:10'),
(480, 'Timor Tengah Utara', 23, '2019-12-06 22:54:10', '2019-12-06 22:54:10'),
(481, 'Toba Samosir', 34, '2019-12-06 22:54:10', '2019-12-06 22:54:10'),
(482, 'Tojo Una-Una', 29, '2019-12-06 22:54:10', '2019-12-06 22:54:10'),
(483, 'Toli-Toli', 29, '2019-12-06 22:54:10', '2019-12-06 22:54:10'),
(484, 'Tolikara', 24, '2019-12-06 22:54:10', '2019-12-06 22:54:10'),
(485, 'Tomohon', 31, '2019-12-06 22:54:10', '2019-12-06 22:54:10'),
(486, 'Toraja Utara', 28, '2019-12-06 22:54:10', '2019-12-06 22:54:10'),
(487, 'Trenggalek', 11, '2019-12-06 22:54:10', '2019-12-06 22:54:10'),
(488, 'Tual', 19, '2019-12-06 22:54:10', '2019-12-06 22:54:10'),
(489, 'Tuban', 11, '2019-12-06 22:54:10', '2019-12-06 22:54:10'),
(490, 'Tulang Bawang', 18, '2019-12-06 22:54:10', '2019-12-06 22:54:10'),
(491, 'Tulang Bawang Barat', 18, '2019-12-06 22:54:10', '2019-12-06 22:54:10'),
(492, 'Tulungagung', 11, '2019-12-06 22:54:10', '2019-12-06 22:54:10'),
(493, 'Wajo', 28, '2019-12-06 22:54:10', '2019-12-06 22:54:10'),
(494, 'Wakatobi', 30, '2019-12-06 22:54:11', '2019-12-06 22:54:11'),
(495, 'Waropen', 24, '2019-12-06 22:54:11', '2019-12-06 22:54:11'),
(496, 'Way Kanan', 18, '2019-12-06 22:54:11', '2019-12-06 22:54:11'),
(497, 'Wonogiri', 10, '2019-12-06 22:54:11', '2019-12-06 22:54:11'),
(498, 'Wonosobo', 10, '2019-12-06 22:54:11', '2019-12-06 22:54:11'),
(499, 'Yahukimo', 24, '2019-12-06 22:54:11', '2019-12-06 22:54:11'),
(500, 'Yalimo', 24, '2019-12-06 22:54:11', '2019-12-06 22:54:11'),
(501, 'Yogyakarta', 5, '2019-12-06 22:54:11', '2019-12-06 22:54:11');

-- --------------------------------------------------------

--
-- Table structure for table `countries`
--

CREATE TABLE `countries` (
  `id` int(10) UNSIGNED NOT NULL,
  `country_code` varchar(2) COLLATE utf8mb4_unicode_ci NOT NULL,
  `country_name` varchar(100) COLLATE utf8mb4_unicode_ci NOT NULL,
  `created_at` timestamp NULL DEFAULT NULL,
  `updated_at` timestamp NULL DEFAULT NULL
) ENGINE=MyISAM DEFAULT CHARSET=utf8mb4 COLLATE=utf8mb4_unicode_ci;

--
-- Dumping data for table `countries`
--

INSERT INTO `countries` (`id`, `country_code`, `country_name`, `created_at`, `updated_at`) VALUES
(2, 'AL', 'Albania', NULL, NULL),
(3, 'DZ', 'Algeria', NULL, NULL),
(4, 'DS', 'American Samoa', NULL, NULL),
(5, 'AD', 'Andorra', NULL, NULL),
(6, 'AO', 'Angola', NULL, NULL),
(7, 'AI', 'Anguilla', NULL, NULL),
(8, 'AQ', 'Antarctica', NULL, NULL),
(9, 'AG', 'Antigua and Barbuda', NULL, NULL),
(10, 'AR', 'Argentina', NULL, NULL),
(11, 'AM', 'Armenia', NULL, NULL),
(12, 'AW', 'Aruba', NULL, NULL),
(13, 'AU', 'Australia', NULL, NULL),
(14, 'AT', 'Austria', NULL, NULL),
(15, 'AZ', 'Azerbaijan', NULL, NULL),
(16, 'BS', 'Bahamas', NULL, NULL),
(17, 'BH', 'Bahrain', NULL, NULL),
(18, 'BD', 'Bangladesh', NULL, NULL),
(19, 'BB', 'Barbados', NULL, NULL),
(20, 'BY', 'Belarus', NULL, NULL),
(21, 'BE', 'Belgium', NULL, NULL),
(22, 'BZ', 'Belize', NULL, NULL),
(23, 'BJ', 'Benin', NULL, NULL),
(24, 'BM', 'Bermuda', NULL, NULL),
(25, 'BT', 'Bhutan', NULL, NULL),
(26, 'BO', 'Bolivia', NULL, NULL),
(27, 'BA', 'Bosnia and Herzegovina', NULL, NULL),
(28, 'BW', 'Botswana', NULL, NULL),
(29, 'BV', 'Bouvet Island', NULL, NULL),
(30, 'BR', 'Brazil', NULL, NULL),
(31, 'IO', 'British Indian Ocean Territory', NULL, NULL),
(32, 'BN', 'Brunei Darussalam', NULL, NULL),
(33, 'BG', 'Bulgaria', NULL, NULL),
(34, 'BF', 'Burkina Faso', NULL, NULL),
(35, 'BI', 'Burundi', NULL, NULL),
(36, 'KH', 'Cambodia', NULL, NULL),
(37, 'CM', 'Cameroon', NULL, NULL),
(38, 'CA', 'Canada', NULL, NULL),
(39, 'CV', 'Cape Verde', NULL, NULL),
(40, 'KY', 'Cayman Islands', NULL, NULL),
(41, 'CF', 'Central African Republic', NULL, NULL),
(42, 'TD', 'Chad', NULL, NULL),
(43, 'CL', 'Chile', NULL, NULL),
(44, 'CN', 'China', NULL, NULL),
(45, 'CX', 'Christmas Island', NULL, NULL),
(46, 'CC', 'Cocos (Keeling) Islands', NULL, NULL),
(47, 'CO', 'Colombia', NULL, NULL),
(48, 'KM', 'Comoros', NULL, NULL),
(49, 'CG', 'Congo', NULL, NULL),
(50, 'CK', 'Cook Islands', NULL, NULL),
(51, 'CR', 'Costa Rica', NULL, NULL),
(52, 'AF', 'Afghanistan', NULL, NULL),
(53, 'AL', 'Albania', NULL, NULL),
(54, 'DZ', 'Algeria', NULL, NULL),
(55, 'DS', 'American Samoa', NULL, NULL),
(56, 'AD', 'Andorra', NULL, NULL),
(57, 'AO', 'Angola', NULL, NULL),
(58, 'AI', 'Anguilla', NULL, NULL),
(59, 'AQ', 'Antarctica', NULL, NULL),
(60, 'AG', 'Antigua and Barbuda', NULL, NULL),
(61, 'AR', 'Argentina', NULL, NULL),
(62, 'AM', 'Armenia', NULL, NULL),
(63, 'AW', 'Aruba', NULL, NULL),
(64, 'AU', 'Australia', NULL, NULL),
(65, 'AT', 'Austria', NULL, NULL),
(66, 'AZ', 'Azerbaijan', NULL, NULL),
(67, 'BS', 'Bahamas', NULL, NULL),
(68, 'BH', 'Bahrain', NULL, NULL),
(69, 'BD', 'Bangladesh', NULL, NULL),
(70, 'BB', 'Barbados', NULL, NULL),
(71, 'BY', 'Belarus', NULL, NULL),
(72, 'BE', 'Belgium', NULL, NULL),
(73, 'BZ', 'Belize', NULL, NULL),
(74, 'BJ', 'Benin', NULL, NULL),
(75, 'BM', 'Bermuda', NULL, NULL),
(76, 'BT', 'Bhutan', NULL, NULL),
(77, 'BO', 'Bolivia', NULL, NULL),
(78, 'BA', 'Bosnia and Herzegovina', NULL, NULL),
(79, 'BW', 'Botswana', NULL, NULL),
(80, 'BV', 'Bouvet Island', NULL, NULL),
(81, 'BR', 'Brazil', NULL, NULL),
(82, 'IO', 'British Indian Ocean Territory', NULL, NULL),
(83, 'BN', 'Brunei Darussalam', NULL, NULL),
(84, 'BG', 'Bulgaria', NULL, NULL),
(85, 'BF', 'Burkina Faso', NULL, NULL),
(86, 'BI', 'Burundi', NULL, NULL),
(87, 'KH', 'Cambodia', NULL, NULL),
(88, 'CM', 'Cameroon', NULL, NULL),
(89, 'CA', 'Canada', NULL, NULL),
(90, 'CV', 'Cape Verde', NULL, NULL),
(91, 'KY', 'Cayman Islands', NULL, NULL),
(92, 'CF', 'Central African Republic', NULL, NULL),
(93, 'TD', 'Chad', NULL, NULL),
(94, 'CL', 'Chile', NULL, NULL),
(95, 'CN', 'China', NULL, NULL),
(96, 'CX', 'Christmas Island', NULL, NULL),
(97, 'CC', 'Cocos (Keeling) Islands', NULL, NULL),
(98, 'CO', 'Colombia', NULL, NULL),
(99, 'KM', 'Comoros', NULL, NULL),
(100, 'CG', 'Congo', NULL, NULL),
(101, 'CK', 'Cook Islands', NULL, NULL),
(102, 'CR', 'Costa Rica', NULL, NULL),
(103, 'HR', 'Croatia (Hrvatska)', NULL, NULL),
(104, 'CU', 'Cuba', NULL, NULL),
(105, 'CY', 'Cyprus', NULL, NULL),
(106, 'CZ', 'Czech Republic', NULL, NULL),
(107, 'DK', 'Denmark', NULL, NULL),
(108, 'DJ', 'Djibouti', NULL, NULL),
(109, 'DM', 'Dominica', NULL, NULL),
(110, 'DO', 'Dominican Republic', NULL, NULL),
(111, 'TP', 'East Timor', NULL, NULL),
(112, 'EC', 'Ecuador', NULL, NULL),
(113, 'EG', 'Egypt', NULL, NULL),
(114, 'SV', 'El Salvador', NULL, NULL),
(115, 'GQ', 'Equatorial Guinea', NULL, NULL),
(116, 'ER', 'Eritrea', NULL, NULL),
(117, 'EE', 'Estonia', NULL, NULL),
(118, 'ET', 'Ethiopia', NULL, NULL),
(119, 'FK', 'Falkland Islands (Malvinas)', NULL, NULL),
(120, 'FO', 'Faroe Islands', NULL, NULL),
(121, 'FJ', 'Fiji', NULL, NULL),
(122, 'FI', 'Finland', NULL, NULL),
(123, 'FR', 'France', NULL, NULL),
(124, 'FX', 'France, Metropolitan', NULL, NULL),
(125, 'GF', 'French Guiana', NULL, NULL),
(126, 'PF', 'French Polynesia', NULL, NULL),
(127, 'TF', 'French Southern Territories', NULL, NULL),
(128, 'GA', 'Gabon', NULL, NULL),
(129, 'GM', 'Gambia', NULL, NULL),
(130, 'GE', 'Georgia', NULL, NULL),
(131, 'DE', 'Germany', NULL, NULL),
(132, 'GH', 'Ghana', NULL, NULL),
(133, 'GI', 'Gibraltar', NULL, NULL),
(134, 'GK', 'Guernsey', NULL, NULL),
(135, 'GR', 'Greece', NULL, NULL),
(136, 'GL', 'Greenland', NULL, NULL),
(137, 'GD', 'Grenada', NULL, NULL),
(138, 'GP', 'Guadeloupe', NULL, NULL),
(139, 'GU', 'Guam', NULL, NULL),
(140, 'GT', 'Guatemala', NULL, NULL),
(141, 'GN', 'Guinea', NULL, NULL),
(142, 'GW', 'Guinea-Bissau', NULL, NULL),
(143, 'GY', 'Guyana', NULL, NULL),
(144, 'HT', 'Haiti', NULL, NULL),
(145, 'HM', 'Heard and Mc Donald Islands', NULL, NULL),
(146, 'HN', 'Honduras', NULL, NULL),
(147, 'HK', 'Hong Kong', NULL, NULL),
(148, 'HU', 'Hungary', NULL, NULL),
(149, 'IS', 'Iceland', NULL, NULL),
(150, 'IN', 'India', NULL, NULL),
(151, 'IM', 'Isle of Man', NULL, NULL),
(152, 'ID', 'Indonesia', NULL, NULL),
(153, 'IR', 'Iran (Islamic Republic of)', NULL, NULL),
(154, 'IQ', 'Iraq', NULL, NULL),
(155, 'IE', 'Ireland', NULL, NULL),
(156, 'IL', 'Israel', NULL, NULL),
(157, 'IT', 'Italy', NULL, NULL),
(158, 'CI', 'Ivory Coast', NULL, NULL),
(159, 'JE', 'Jersey', NULL, NULL),
(160, 'JM', 'Jamaica', NULL, NULL),
(161, 'JP', 'Japan', NULL, NULL),
(162, 'JO', 'Jordan', NULL, NULL),
(163, 'KZ', 'Kazakhstan', NULL, NULL),
(164, 'KE', 'Kenya', NULL, NULL),
(165, 'KI', 'Kiribati', NULL, NULL),
(166, 'KP', 'Korea, Democratic People\'s Republic of', NULL, NULL),
(167, 'KR', 'Korea, Republic of', NULL, NULL),
(168, 'XK', 'Kosovo', NULL, NULL),
(169, 'KW', 'Kuwait', NULL, NULL),
(170, 'KG', 'Kyrgyzstan', NULL, NULL),
(171, 'LA', 'Lao People\'s Democratic Republic', NULL, NULL),
(172, 'LV', 'Latvia', NULL, NULL),
(173, 'LB', 'Lebanon', NULL, NULL),
(174, 'LS', 'Lesotho', NULL, NULL),
(175, 'LR', 'Liberia', NULL, NULL),
(176, 'LY', 'Libyan Arab Jamahiriya', NULL, NULL),
(177, 'LI', 'Liechtenstein', NULL, NULL),
(178, 'LT', 'Lithuania', NULL, NULL),
(179, 'LU', 'Luxembourg', NULL, NULL),
(180, 'MO', 'Macau', NULL, NULL),
(181, 'MK', 'Macedonia', NULL, NULL),
(182, 'MG', 'Madagascar', NULL, NULL),
(183, 'MW', 'Malawi', NULL, NULL),
(184, 'MY', 'Malaysia', NULL, NULL),
(185, 'MV', 'Maldives', NULL, NULL),
(186, 'ML', 'Mali', NULL, NULL),
(187, 'MT', 'Malta', NULL, NULL),
(188, 'MH', 'Marshall Islands', NULL, NULL),
(189, 'MQ', 'Martinique', NULL, NULL),
(190, 'MR', 'Mauritania', NULL, NULL),
(191, 'MU', 'Mauritius', NULL, NULL),
(192, 'TY', 'Mayotte', NULL, NULL),
(193, 'MX', 'Mexico', NULL, NULL),
(194, 'FM', 'Micronesia, Federated States of', NULL, NULL),
(195, 'MD', 'Moldova, Republic of', NULL, NULL),
(196, 'MC', 'Monaco', NULL, NULL),
(197, 'MN', 'Mongolia', NULL, NULL),
(198, 'ME', 'Montenegro', NULL, NULL),
(199, 'MS', 'Montserrat', NULL, NULL),
(200, 'MA', 'Morocco', NULL, NULL),
(201, 'MZ', 'Mozambique', NULL, NULL),
(202, 'MM', 'Myanmar', NULL, NULL),
(203, 'NA', 'Namibia', NULL, NULL),
(204, 'NR', 'Nauru', NULL, NULL),
(205, 'NP', 'Nepal', NULL, NULL),
(206, 'NL', 'Netherlands', NULL, NULL),
(207, 'AN', 'Netherlands Antilles', NULL, NULL),
(208, 'NC', 'New Caledonia', NULL, NULL),
(209, 'NZ', 'New Zealand', NULL, NULL),
(210, 'NI', 'Nicaragua', NULL, NULL),
(211, 'NE', 'Niger', NULL, NULL),
(212, 'NG', 'Nigeria', NULL, NULL),
(213, 'NU', 'Niue', NULL, NULL),
(214, 'NF', 'Norfolk Island', NULL, NULL),
(215, 'MP', 'Northern Mariana Islands', NULL, NULL),
(216, 'NO', 'Norway', NULL, NULL),
(217, 'OM', 'Oman', NULL, NULL),
(218, 'PK', 'Pakistan', NULL, NULL),
(219, 'PW', 'Palau', NULL, NULL),
(220, 'PS', 'Palestine', NULL, NULL),
(221, 'PA', 'Panama', NULL, NULL),
(222, 'PG', 'Papua New Guinea', NULL, NULL),
(223, 'PY', 'Paraguay', NULL, NULL),
(224, 'PE', 'Peru', NULL, NULL),
(225, 'PH', 'Philippines', NULL, NULL),
(226, 'PN', 'Pitcairn', NULL, NULL),
(227, 'PL', 'Poland', NULL, NULL),
(228, 'PT', 'Portugal', NULL, NULL),
(229, 'PR', 'Puerto Rico', NULL, NULL),
(230, 'QA', 'Qatar', NULL, NULL),
(231, 'RE', 'Reunion', NULL, NULL),
(232, 'RO', 'Romania', NULL, NULL),
(233, 'RU', 'Russian Federation', NULL, NULL),
(234, 'RW', 'Rwanda', NULL, NULL),
(235, 'KN', 'Saint Kitts and Nevis', NULL, NULL),
(236, 'LC', 'Saint Lucia', NULL, NULL),
(237, 'VC', 'Saint Vincent and the Grenadines', NULL, NULL),
(238, 'WS', 'Samoa', NULL, NULL),
(239, 'SM', 'San Marino', NULL, NULL),
(240, 'ST', 'Sao Tome and Principe', NULL, NULL),
(241, 'SA', 'Saudi Arabia', NULL, NULL),
(242, 'SN', 'Senegal', NULL, NULL),
(243, 'RS', 'Serbia', NULL, NULL),
(244, 'SC', 'Seychelles', NULL, NULL),
(245, 'SL', 'Sierra Leone', NULL, NULL),
(246, 'SG', 'Singapore', NULL, NULL),
(247, 'SK', 'Slovakia', NULL, NULL),
(248, 'SI', 'Slovenia', NULL, NULL),
(249, 'SB', 'Solomon Islands', NULL, NULL),
(250, 'SO', 'Somalia', NULL, NULL),
(251, 'ZA', 'South Africa', NULL, NULL),
(252, 'GS', 'South Georgia South Sandwich Islands', NULL, NULL),
(253, 'SS', 'South Sudan', NULL, NULL),
(254, 'ES', 'Spain', NULL, NULL),
(255, 'LK', 'Sri Lanka', NULL, NULL),
(256, 'SH', 'St. Helena', NULL, NULL),
(257, 'PM', 'St. Pierre and Miquelon', NULL, NULL),
(258, 'SD', 'Sudan', NULL, NULL),
(259, 'SR', 'Suriname', NULL, NULL),
(260, 'SJ', 'Svalbard and Jan Mayen Islands', NULL, NULL),
(261, 'SZ', 'Swaziland', NULL, NULL),
(262, 'SE', 'Sweden', NULL, NULL),
(263, 'CH', 'Switzerland', NULL, NULL),
(264, 'SY', 'Syrian Arab Republic', NULL, NULL),
(265, 'TW', 'Taiwan', NULL, NULL),
(266, 'TJ', 'Tajikistan', NULL, NULL),
(267, 'TZ', 'Tanzania, United Republic of', NULL, NULL),
(268, 'TH', 'Thailand', NULL, NULL),
(269, 'TG', 'Togo', NULL, NULL),
(270, 'TK', 'Tokelau', NULL, NULL),
(271, 'TO', 'Tonga', NULL, NULL),
(272, 'TT', 'Trinidad and Tobago', NULL, NULL),
(273, 'TN', 'Tunisia', NULL, NULL),
(274, 'TR', 'Turkey', NULL, NULL),
(275, 'TM', 'Turkmenistan', NULL, NULL),
(276, 'TC', 'Turks and Caicos Islands', NULL, NULL),
(277, 'TV', 'Tuvalu', NULL, NULL),
(278, 'UG', 'Uganda', NULL, NULL),
(279, 'UA', 'Ukraine', NULL, NULL),
(280, 'AE', 'United Arab Emirates', NULL, NULL),
(281, 'GB', 'United Kingdom', NULL, NULL),
(282, 'US', 'United States', NULL, NULL),
(283, 'UM', 'United States minor outlying islands', NULL, NULL),
(284, 'UY', 'Uruguay', NULL, NULL),
(285, 'UZ', 'Uzbekistan', NULL, NULL),
(286, 'VU', 'Vanuatu', NULL, NULL),
(287, 'VA', 'Vatican City State', NULL, NULL),
(288, 'VE', 'Venezuela', NULL, NULL),
(289, 'VN', 'Vietnam', NULL, NULL),
(290, 'VG', 'Virgin Islands (British)', NULL, NULL),
(291, 'VI', 'Virgin Islands (U.S.)', NULL, NULL),
(292, 'WF', 'Wallis and Futuna Islands', NULL, NULL),
(293, 'EH', 'Western Sahara', NULL, NULL),
(294, 'YE', 'Yemen', NULL, NULL),
(295, 'ZR', 'Zaire', NULL, NULL),
(296, 'ZM', 'Zambia', NULL, NULL),
(297, 'ZW', 'Zimbabwe', NULL, NULL);

-- --------------------------------------------------------

--
-- Table structure for table `coupons`
--

CREATE TABLE `coupons` (
  `id` int(10) UNSIGNED NOT NULL,
  `coupon_code` varchar(191) COLLATE utf8mb4_unicode_ci NOT NULL,
  `amount` int(11) NOT NULL,
  `amount_type` varchar(191) COLLATE utf8mb4_unicode_ci NOT NULL,
  `expiry_date` date NOT NULL,
  `status` tinyint(4) NOT NULL,
  `created_at` timestamp NULL DEFAULT NULL,
  `updated_at` timestamp NULL DEFAULT NULL
) ENGINE=MyISAM DEFAULT CHARSET=utf8mb4 COLLATE=utf8mb4_unicode_ci;

--
-- Dumping data for table `coupons`
--

INSERT INTO `coupons` (`id`, `coupon_code`, `amount`, `amount_type`, `expiry_date`, `status`, `created_at`, `updated_at`) VALUES
(8, '1212DES', 50, 'Percentage', '2019-12-31', 1, '2019-12-06 10:36:06', '2019-12-10 11:50:55');

-- --------------------------------------------------------

--
-- Table structure for table `delivery_address`
--

CREATE TABLE `delivery_address` (
  `id` int(10) UNSIGNED NOT NULL,
  `users_id` int(11) NOT NULL,
  `users_email` varchar(191) COLLATE utf8mb4_unicode_ci NOT NULL,
  `name` varchar(191) COLLATE utf8mb4_unicode_ci NOT NULL,
  `address` varchar(191) COLLATE utf8mb4_unicode_ci NOT NULL,
  `city` varchar(191) COLLATE utf8mb4_unicode_ci NOT NULL,
  `state` varchar(191) COLLATE utf8mb4_unicode_ci NOT NULL,
  `country` varchar(191) COLLATE utf8mb4_unicode_ci NOT NULL,
  `pincode` varchar(191) COLLATE utf8mb4_unicode_ci NOT NULL,
  `mobile` varchar(191) COLLATE utf8mb4_unicode_ci NOT NULL,
  `created_at` timestamp NULL DEFAULT NULL,
  `updated_at` timestamp NULL DEFAULT NULL
) ENGINE=MyISAM DEFAULT CHARSET=utf8mb4 COLLATE=utf8mb4_unicode_ci;

--
-- Dumping data for table `delivery_address`
--

INSERT INTO `delivery_address` (`id`, `users_id`, `users_email`, `name`, `address`, `city`, `state`, `country`, `pincode`, `mobile`, `created_at`, `updated_at`) VALUES
(6, 6, 'abdul23lm@gmail.com', 'Abdul Latif Munjiat', 'Jl. Desa Cipadung Permai 3 No 66, Kecamatan Cibiru, Kota Bandung', 'Bandung', 'West Java', 'Indonesia', '40614', '082130314423', NULL, NULL),
(5, 1, 'admin@gmail.com', 'admin', 'Karawang', 'Karawang', 'West Java', 'Indonesia', '46151', '082130314423', NULL, NULL),
(7, 12, 'galaxy6junior@gmail.com', 'Abdul Latif Munjiat', 'Jl. Desa Cipadung Permai 3 No 66', 'Bandung', 'West Java', 'Indonesia', '40614', '082130314423', NULL, NULL),
(8, 13, 'galaxy6junior@gmail.com', 'Abdul Latif Munjiat', 'Jl. Pasanggrahan No. 07', 'Tasikmalaya', 'West Java', 'Indonesia', '46151', '082130314423', NULL, NULL),
(9, 14, 'galaxy6junior@gmail.com', 'Jamaludin', 'Ranca Bungur No. 2', 'Tasikmalaya', 'West Java', 'Indonesia', '46151', '082130314422', NULL, NULL),
(10, 15, 'arrasyid@gmail.com', 'Rasyid', 'Perum Pemda', 'Karawang', 'West Java', 'Indonesia', '41361', '089649661104', NULL, NULL),
(11, 16, 'yoga@gmail.com', 'Yoga Junaedi', 'Perum Pemda', 'Karawang', 'West Java', 'Indonesia', '41361', '089649661104', NULL, NULL),
(12, 17, 'yoga@gmail.com', 'Yoga Junaedi', 'Perum Pemda', 'Karawang', 'West Java', 'Indonesia', '41361', '089649661104', NULL, NULL),
(13, 18, 'ridho@gmail.com', 'Yoga Junaedi', 'Perum Pemda', 'Karawang', 'West Java', 'Indonesia', '41361', '089649661104', NULL, NULL),
(14, 19, 'yoga@gmail.com', 'yoga', 'Ranca Bungur No. 2', 'Tasikmalaya', 'West Java', 'Indonesia', '46151', '082130314422', NULL, NULL);

-- --------------------------------------------------------

--
-- Table structure for table `migrations`
--

CREATE TABLE `migrations` (
  `id` int(10) UNSIGNED NOT NULL,
  `migration` varchar(191) COLLATE utf8mb4_unicode_ci NOT NULL,
  `batch` int(11) NOT NULL
) ENGINE=MyISAM DEFAULT CHARSET=utf8mb4 COLLATE=utf8mb4_unicode_ci;

--
-- Dumping data for table `migrations`
--

INSERT INTO `migrations` (`id`, `migration`, `batch`) VALUES
(3, '2014_10_12_000000_create_users_table', 2),
(2, '2014_10_12_100000_create_password_resets_table', 1),
(8, '2018_10_20_040609_create_categories_table', 3),
(9, '2018_10_24_075802_create_products_table', 4),
(10, '2018_11_08_024109_create_product_att_table', 5),
(11, '2018_11_20_055123_create_tblgallery_table', 6),
(12, '2018_11_26_070031_create_cart_table', 7),
(13, '2018_11_28_072535_create_coupons_table', 8),
(15, '2018_12_01_042342_create_countries_table', 10),
(19, '2018_12_03_043804_add_more_fields_to_users_table', 14),
(17, '2018_12_03_093548_create_delivery_address_table', 12),
(18, '2018_12_05_024718_create_orders_table', 13),
(20, '2019_12_07_053351_create_province_table', 15),
(21, '2019_12_07_053456_create_city_table', 15);

-- --------------------------------------------------------

--
-- Table structure for table `orders`
--

CREATE TABLE `orders` (
  `id` int(10) UNSIGNED NOT NULL,
  `users_id` int(11) NOT NULL,
  `users_email` varchar(100) COLLATE utf8mb4_unicode_ci NOT NULL,
  `name` varchar(100) COLLATE utf8mb4_unicode_ci NOT NULL,
  `address` varchar(191) COLLATE utf8mb4_unicode_ci NOT NULL,
  `city` varchar(100) COLLATE utf8mb4_unicode_ci NOT NULL,
  `state` varchar(100) COLLATE utf8mb4_unicode_ci NOT NULL,
  `pincode` varchar(100) COLLATE utf8mb4_unicode_ci NOT NULL,
  `country` varchar(100) COLLATE utf8mb4_unicode_ci NOT NULL,
  `mobile` varchar(100) COLLATE utf8mb4_unicode_ci NOT NULL,
  `shipping_charges` double(8,2) NOT NULL,
  `coupon_code` varchar(100) COLLATE utf8mb4_unicode_ci NOT NULL,
  `coupon_amount` varchar(100) COLLATE utf8mb4_unicode_ci NOT NULL,
  `order_status` varchar(100) COLLATE utf8mb4_unicode_ci NOT NULL,
  `payment_method` varchar(100) COLLATE utf8mb4_unicode_ci NOT NULL,
  `grand_total` varchar(100) COLLATE utf8mb4_unicode_ci NOT NULL,
  `created_at` timestamp NULL DEFAULT NULL,
  `updated_at` timestamp NULL DEFAULT NULL
) ENGINE=MyISAM DEFAULT CHARSET=utf8mb4 COLLATE=utf8mb4_unicode_ci;

-- --------------------------------------------------------

--
-- Table structure for table `password_resets`
--

CREATE TABLE `password_resets` (
  `email` varchar(191) COLLATE utf8mb4_unicode_ci NOT NULL,
  `token` varchar(191) COLLATE utf8mb4_unicode_ci NOT NULL,
  `created_at` timestamp NULL DEFAULT NULL
) ENGINE=MyISAM DEFAULT CHARSET=utf8mb4 COLLATE=utf8mb4_unicode_ci;

-- --------------------------------------------------------

--
-- Table structure for table `products`
--

CREATE TABLE `products` (
  `id` int(10) UNSIGNED NOT NULL,
  `categories_id` int(11) NOT NULL,
  `p_name` varchar(191) COLLATE utf8mb4_unicode_ci NOT NULL,
  `p_code` varchar(191) COLLATE utf8mb4_unicode_ci NOT NULL,
  `p_color` varchar(191) COLLATE utf8mb4_unicode_ci NOT NULL,
  `description` text COLLATE utf8mb4_unicode_ci NOT NULL,
  `price` double(8,2) NOT NULL,
  `image` varchar(191) COLLATE utf8mb4_unicode_ci NOT NULL,
  `created_at` timestamp NULL DEFAULT NULL,
  `updated_at` timestamp NULL DEFAULT NULL
) ENGINE=MyISAM DEFAULT CHARSET=utf8mb4 COLLATE=utf8mb4_unicode_ci;

--
-- Dumping data for table `products`
--

INSERT INTO `products` (`id`, `categories_id`, `p_name`, `p_code`, `p_color`, `description`, `price`, `image`, `created_at`, `updated_at`) VALUES
(40, 25, 'Vans Ua Sk8-Hi Reissue Cap', 'vans-005', 'Hitam-Abu', 'Hi top sneakers dengan desain all black, Warna hitam, Upper kanvas, Insole tekstil, Rubber outsole,Tali depan, Detail resleting samping, Round toe dan Produk unisex<br>', 930000.00, '1575035846-vans-ua-sk8-hi-reissue-cap.PNG', '2019-11-29 06:57:26', '2019-12-25 18:20:16'),
(36, 25, 'Vans Ua Era', 'vans-001', 'Putih Pink', 'Low top sneakers bermotif kotak untuk classic casual style, Kombinasi warna pink dan putih, Upper kanvas, Insole tekstil, Signature rubber waffle outsole, Detail padded collar, Tali depan, Round toe, Produk unisex', 849000.00, '1575024747-vans-ua-era.PNG', '2019-11-29 03:26:20', '2019-11-29 03:52:27'),
(37, 25, 'VansUa Comfycush Old Skool', 'vans-002', 'Hitam-Navy', 'Sneakers dengan detail lining kontras bergaya kasual, Warna navy, Upper suede, kanvas, Insole tekstil, Dengan teknologi ComfyCush untuk cushioning yang nyaman, Signature rubber waffle outsole, Tali depan, Round toe, Produk unisex', 914000.00, '1575033451-vansua-comfycush-old-skool.PNG', '2019-11-29 06:17:32', '2019-11-29 06:23:55'),
(38, 25, 'Vans Ua Era White', 'vans-003', 'Putih', 'Sneakers dengan detail lining kontras untuk street look, Warna putih, Upper kanvas, Insole tekstil, Rubber outsole, Tali depan, Round toe dan Produk unisex', 949000.00, '1575034364-vans-ua-era-white.PNG', '2019-11-29 06:32:45', '2019-11-29 06:32:45'),
(39, 25, 'Vans Ua Old Skool Black', 'vans-004', 'Hitam', 'Sneakers detail Vans iconic sidestripe, Warna hitam, Upper kanvas, Insole tekstil, Gum colored rubber Outsole, Dilengkapi dengan padded collars, Tali depan dan Almond to<br>', 949000.00, '1575034784-vans-ua-old-skool-black.PNG', '2019-11-29 06:39:44', '2019-11-29 09:22:27'),
(41, 26, 'Reebok Nano 9', 'reebok-001', 'Hitam-Orens', 'Sepatu training desain flexweave overlay detail sol kontras, Warna navy, Upper tekstil, Insole tekstil untuk cushioning yang nyaman, Desain flexweave overlay untuk dynamic support yang fleksibel, Rubber outsole, Tali depan dan Round toe<br>', 945000.00, '1575036998-reebok-nano-9.PNG', '2019-11-29 07:16:39', '2019-12-25 18:22:01'),
(42, 26, 'Royal Bridge 3', 'reebok-002', 'Putih', 'Sneakers bernuansa 90s dengan desain chunky yang trendy, Warna putih, Mesh upper, Insole tekstil atau Rubber outsole, Tali depan dan Almond toe', 799000.00, '1575037196-royal-bridge-3.PNG', '2019-11-29 07:19:56', '2019-11-29 09:20:58'),
(43, 26, 'Reebok 3D Fusion Tr', 'reebok-003', 'Abu-abu', 'Sepatu lari dengan detail mesh upper dalam nuansa monokrom, Warna abu-abu, Mesh upper untuk breathability, Insole tekstil, Dengan 3D Ultralite EVA foam untuk fleksibilitas ketika berolahraga, Rubber outsole, Tali depan dan Almond toe', 499000.00, '1575037822-reebok-3d-fusion-tr.PNG', '2019-11-29 07:30:23', '2019-11-29 09:19:45'),
(44, 26, 'Reebok Reago Pulse', 'reebok-004', 'Hitam-Abu', 'Sepatu training warna solid dengan detail mesh untuk breathability, Kombinasi warna hitam dan abu-abu, Mesh upper, Insole sintetis, Rubber outsole, Tali depan dan Round toe', 599000.00, '1575037961-reebok-reago-pulse.PNG', '2019-11-29 07:32:41', '2019-11-29 09:20:13'),
(45, 26, 'Reebok Classic Leather MU Shoes', 'reebok-005', 'Putih', 'Best for lifestyle, Casual sneakers with contrast trim, Genuine leather upper, Textile insole, Rubber outsole, Lace-up fastening dan Rounded toe', 979000.00, '1575038579-reebok-classic-leather-mu-shoes.PNG', '2019-11-29 07:42:59', '2019-11-29 09:20:29'),
(46, 25, 'Nike Jordan Mars 270', 'nike-002', 'Hitam Orange', 'Menarik inspirasi dari empat Air Jordans klasik, Jordan Mars 270 adalah remix modern yang menawarkan warisan berat, ditambah unit Max Air yang sangat besar dan busa kenyal untuk kenyamanan tanpa henti.', 851900.00, '1576032011-nike-jordan-mars-270.PNG', '2019-12-10 19:40:12', '2019-12-10 19:40:12'),
(47, 25, 'Nike Kyrie 5 Spongebob Squarepants Original BNIB', 'nike-001', 'Kuning Putih', 'Dibuat bekerjasama dengan Nickelodeon, koleksi Nike Basketball terbaru merayakan cinta Kyrie Irving untuk salah satu acara televisi yang paling berkesan, secara resmi membawa Bikini Bottom ke lapangan basket untuk pertama kalinya. Dengarkan saat kami pergi di belakang layar dengan Kyrie di Nike NYHQ untuk melihat ke dalam pada semua 5 sepatu dari set yang terinspirasi oleh SpongeBob SquarePants, termasuk dua warna dari Kyrie Low 2 yang baru.', 920000.00, '1576032166-nike-kyrie-5-spongebob-squarepants-original-bnib.png', '2019-12-10 19:42:47', '2019-12-10 19:42:47');

-- --------------------------------------------------------

--
-- Table structure for table `product_att`
--

CREATE TABLE `product_att` (
  `id` int(10) UNSIGNED NOT NULL,
  `products_id` int(11) NOT NULL,
  `sku` varchar(191) COLLATE utf8mb4_unicode_ci NOT NULL,
  `size` varchar(191) COLLATE utf8mb4_unicode_ci NOT NULL,
  `price` double(8,2) NOT NULL,
  `stock` int(11) NOT NULL,
  `created_at` timestamp NULL DEFAULT NULL,
  `updated_at` timestamp NULL DEFAULT NULL
) ENGINE=MyISAM DEFAULT CHARSET=utf8mb4 COLLATE=utf8mb4_unicode_ci;

--
-- Dumping data for table `product_att`
--

INSERT INTO `product_att` (`id`, `products_id`, `sku`, `size`, `price`, `stock`, `created_at`, `updated_at`) VALUES
(57, 37, 'vans-002-43', '43', 914000.00, 10, '2019-11-29 07:03:41', '2019-11-29 07:03:41'),
(56, 37, 'vans-002-42', '42', 914000.00, 10, '2019-11-29 07:03:10', '2019-11-29 07:03:10'),
(55, 40, 'vans-005-43', '43', 930000.00, 10, '2019-11-29 07:02:12', '2019-12-25 18:20:42'),
(54, 40, 'vans-005-42', '42', 930000.00, 2, '2019-11-29 07:01:46', '2019-12-25 18:20:42'),
(53, 40, 'vans-005-41', '41', 930000.00, 3, '2019-11-29 07:01:05', '2019-12-25 18:20:42'),
(52, 40, 'vans-005-40', '40', 930000.00, 5, '2019-11-29 07:00:38', '2019-12-25 18:20:42'),
(51, 40, 'vans-005-39', '39', 930000.00, 6, '2019-11-29 07:00:09', '2019-12-25 18:20:42'),
(50, 39, 'vans-004-43', '43', 949000.00, 10, '2019-11-29 06:43:27', '2019-12-10 19:35:35'),
(49, 39, 'vans-004-42', '42', 949000.00, 5, '2019-11-29 06:42:49', '2019-12-10 19:35:35'),
(48, 39, 'vans-004-41', '41', 949000.00, 3, '2019-11-29 06:42:12', '2019-12-10 19:35:35'),
(47, 39, 'vans-004-40', '40', 949000.00, 2, '2019-11-29 06:41:46', '2019-12-10 19:35:35'),
(46, 39, 'vans-004-39', '39', 949000.00, 1, '2019-11-29 06:41:26', '2019-12-10 19:35:35'),
(45, 38, 'vans-003-41', '41', 949000.00, 10, '2019-11-29 06:35:51', '2019-12-10 19:35:01'),
(44, 38, 'vans-003-40', '40', 949000.00, 2, '2019-11-29 06:35:03', '2019-12-10 19:35:01'),
(43, 38, 'vans-003-39', '39', 949000.00, 3, '2019-11-29 06:34:40', '2019-12-10 19:35:01'),
(42, 37, 'vans-002-41', '41', 914000.00, 10, '2019-11-29 06:28:46', '2019-11-29 06:28:46'),
(41, 37, 'vans-002-40', '40', 914000.00, 10, '2019-11-29 06:27:43', '2019-11-29 06:28:24'),
(40, 37, 'vans-002-39', '39', 914000.00, 10, '2019-11-29 06:27:14', '2019-11-29 06:28:24'),
(39, 36, 'vans-001-43', '43', 849000.00, 3, '2019-11-29 03:36:00', '2019-11-29 03:36:00'),
(38, 36, 'vans-001-42', '42', 849000.00, 13, '2019-11-29 03:35:43', '2019-11-29 03:35:43'),
(37, 36, 'vans-001-41', '41', 849000.00, 4, '2019-11-29 03:35:33', '2019-11-29 03:35:33'),
(36, 36, 'vans-001-40', '40', 849000.00, 6, '2019-11-29 03:35:22', '2019-11-29 03:35:22'),
(35, 36, 'vans-001-39', '39', 849000.00, 12, '2019-11-29 03:34:58', '2019-11-29 03:34:58'),
(58, 38, 'vans-003-42', '42', 949000.00, 6, '2019-11-29 07:05:03', '2019-12-10 19:35:01'),
(59, 38, 'vans-003-43', '43', 949000.00, 7, '2019-11-29 07:06:03', '2019-12-10 19:35:01'),
(60, 41, 'reebok-001-39', '39', 945000.00, 10, '2019-11-29 07:21:45', '2019-12-25 18:22:23'),
(61, 41, 'reebok-001-40', '40', 945000.00, 10, '2019-11-29 07:22:34', '2019-12-25 18:22:23'),
(62, 41, 'reebok-001-41', '41', 945000.00, 10, '2019-11-29 07:22:55', '2019-12-25 18:22:23'),
(63, 41, 'reebok-001-42', '42', 945000.00, 10, '2019-11-29 07:23:22', '2019-12-25 18:22:23'),
(64, 41, 'reebok-001-43', '43', 945000.00, 10, '2019-11-29 07:23:43', '2019-12-25 18:22:23'),
(65, 42, 'reebok-002-39', '39', 799000.00, 10, '2019-11-29 07:25:50', '2019-11-29 07:25:50'),
(66, 42, 'reebok-002-40', '40', 799000.00, 8, '2019-11-29 07:26:31', '2019-11-29 07:26:31'),
(67, 42, 'reebok-002-41', '41', 799000.00, 10, '2019-11-29 07:26:56', '2019-11-29 07:26:56'),
(68, 42, 'reebok-002-42', '42', 799000.00, 6, '2019-11-29 07:27:26', '2019-11-29 07:27:26'),
(69, 42, 'reebok-002-43', '43', 799000.00, 7, '2019-11-29 07:27:44', '2019-11-29 07:27:44'),
(70, 43, 'reebok-003-39', '39', 499000.00, 11, '2019-11-29 07:35:30', '2019-11-29 07:35:30'),
(71, 43, 'reebok-003-40', '40', 499000.00, 5, '2019-11-29 07:35:54', '2019-11-29 07:35:54'),
(72, 43, 'reebok-003-41', '41', 499000.00, 7, '2019-11-29 07:36:18', '2019-11-29 07:36:18'),
(73, 43, 'reebok-003-42', '42', 499000.00, 5, '2019-11-29 07:36:42', '2019-11-29 07:36:42'),
(74, 43, 'reebok-003-43', '43', 499000.00, 4, '2019-11-29 07:37:14', '2019-11-29 07:37:14'),
(75, 44, 'reebok-004-39', '39', 599000.00, 9, '2019-11-29 07:39:29', '2019-11-29 07:39:29'),
(76, 44, 'reebok-004-40', '40', 599000.00, 4, '2019-11-29 07:39:47', '2019-11-29 07:39:47'),
(77, 44, 'reebok-004-42', '42', 599000.00, 6, '2019-11-29 07:40:09', '2019-11-29 07:40:09'),
(78, 44, 'reebok-004-41', '41', 599000.00, 7, '2019-11-29 07:40:27', '2019-11-29 07:40:27'),
(79, 44, 'reebok-004-43', '43', 599000.00, 10, '2019-11-29 07:40:51', '2019-11-29 07:40:51'),
(80, 45, 'reebok-005-39', '39', 979000.00, 4, '2019-11-29 07:43:52', '2019-11-29 07:43:52'),
(81, 45, 'reebok-005-40', '40', 979000.00, 7, '2019-11-29 07:44:11', '2019-11-29 07:44:11'),
(82, 45, 'reebok-005-41', '41', 979000.00, 10, '2019-11-29 07:44:36', '2019-11-29 07:44:36'),
(83, 45, 'reebok-005-42', '42', 979000.00, 4, '2019-11-29 07:44:56', '2019-11-29 07:44:56'),
(84, 45, 'reebok-005-43', '43', 979000.00, 8, '2019-11-29 07:45:44', '2019-11-29 07:45:44'),
(85, 46, 'nike-002-40', '40', 859100.00, 2, '2019-12-10 19:44:12', '2019-12-10 19:44:12'),
(86, 46, 'nike-002-42', '42', 859100.00, 5, '2019-12-10 19:44:36', '2019-12-10 19:44:36'),
(87, 47, 'nike-001-39', '39', 920000.00, 10, '2019-12-10 20:41:35', '2019-12-25 18:21:09');

-- --------------------------------------------------------

--
-- Table structure for table `province`
--

CREATE TABLE `province` (
  `id` int(10) UNSIGNED NOT NULL,
  `name` varchar(200) COLLATE utf8mb4_unicode_ci NOT NULL,
  `created_at` timestamp NULL DEFAULT NULL,
  `updated_at` timestamp NULL DEFAULT NULL
) ENGINE=InnoDB DEFAULT CHARSET=utf8mb4 COLLATE=utf8mb4_unicode_ci;

--
-- Dumping data for table `province`
--

INSERT INTO `province` (`id`, `name`, `created_at`, `updated_at`) VALUES
(1, 'Bali', '2019-12-06 22:51:26', '2019-12-06 22:51:26'),
(2, 'Bangka Belitung', '2019-12-06 22:51:26', '2019-12-06 22:51:26'),
(3, 'Banten', '2019-12-06 22:51:26', '2019-12-06 22:51:26'),
(4, 'Bengkulu', '2019-12-06 22:51:26', '2019-12-06 22:51:26'),
(5, 'DI Yogyakarta', '2019-12-06 22:51:26', '2019-12-06 22:51:26'),
(6, 'DKI Jakarta', '2019-12-06 22:51:26', '2019-12-06 22:51:26'),
(7, 'Gorontalo', '2019-12-06 22:51:26', '2019-12-06 22:51:26'),
(8, 'Jambi', '2019-12-06 22:51:26', '2019-12-06 22:51:26'),
(9, 'Jawa Barat', '2019-12-06 22:51:26', '2019-12-06 22:51:26'),
(10, 'Jawa Tengah', '2019-12-06 22:51:26', '2019-12-06 22:51:26'),
(11, 'Jawa Timur', '2019-12-06 22:51:26', '2019-12-06 22:51:26'),
(12, 'Kalimantan Barat', '2019-12-06 22:51:27', '2019-12-06 22:51:27'),
(13, 'Kalimantan Selatan', '2019-12-06 22:51:27', '2019-12-06 22:51:27'),
(14, 'Kalimantan Tengah', '2019-12-06 22:51:27', '2019-12-06 22:51:27'),
(15, 'Kalimantan Timur', '2019-12-06 22:51:27', '2019-12-06 22:51:27'),
(16, 'Kalimantan Utara', '2019-12-06 22:51:27', '2019-12-06 22:51:27'),
(17, 'Kepulauan Riau', '2019-12-06 22:51:27', '2019-12-06 22:51:27'),
(18, 'Lampung', '2019-12-06 22:51:27', '2019-12-06 22:51:27'),
(19, 'Maluku', '2019-12-06 22:51:27', '2019-12-06 22:51:27'),
(20, 'Maluku Utara', '2019-12-06 22:51:27', '2019-12-06 22:51:27'),
(21, 'Nanggroe Aceh Darussalam (NAD)', '2019-12-06 22:51:27', '2019-12-06 22:51:27'),
(22, 'Nusa Tenggara Barat (NTB)', '2019-12-06 22:51:27', '2019-12-06 22:51:27'),
(23, 'Nusa Tenggara Timur (NTT)', '2019-12-06 22:51:27', '2019-12-06 22:51:27'),
(24, 'Papua', '2019-12-06 22:51:27', '2019-12-06 22:51:27'),
(25, 'Papua Barat', '2019-12-06 22:51:27', '2019-12-06 22:51:27'),
(26, 'Riau', '2019-12-06 22:51:27', '2019-12-06 22:51:27'),
(27, 'Sulawesi Barat', '2019-12-06 22:51:27', '2019-12-06 22:51:27'),
(28, 'Sulawesi Selatan', '2019-12-06 22:51:27', '2019-12-06 22:51:27'),
(29, 'Sulawesi Tengah', '2019-12-06 22:51:28', '2019-12-06 22:51:28'),
(30, 'Sulawesi Tenggara', '2019-12-06 22:51:28', '2019-12-06 22:51:28'),
(31, 'Sulawesi Utara', '2019-12-06 22:51:28', '2019-12-06 22:51:28'),
(32, 'Sumatera Barat', '2019-12-06 22:51:28', '2019-12-06 22:51:28'),
(33, 'Sumatera Selatan', '2019-12-06 22:51:28', '2019-12-06 22:51:28'),
(34, 'Sumatera Utara', '2019-12-06 22:51:28', '2019-12-06 22:51:28');

-- --------------------------------------------------------

--
-- Table structure for table `tblgallery`
--

CREATE TABLE `tblgallery` (
  `id` int(10) UNSIGNED NOT NULL,
  `products_id` int(11) NOT NULL,
  `image` varchar(191) COLLATE utf8mb4_unicode_ci NOT NULL,
  `created_at` timestamp NULL DEFAULT NULL,
  `updated_at` timestamp NULL DEFAULT NULL
) ENGINE=MyISAM DEFAULT CHARSET=utf8mb4 COLLATE=utf8mb4_unicode_ci;

--
-- Dumping data for table `tblgallery`
--

INSERT INTO `tblgallery` (`id`, `products_id`, `image`, `created_at`, `updated_at`) VALUES
(62, 44, '7866431575038100.PNG', '2019-11-29 07:35:00', '2019-11-29 07:35:00'),
(61, 44, '2800631575038094.PNG', '2019-11-29 07:34:55', '2019-11-29 07:34:55'),
(60, 44, '7669241575038087.PNG', '2019-11-29 07:34:48', '2019-11-29 07:34:48'),
(59, 43, '6055141575038070.PNG', '2019-11-29 07:34:30', '2019-11-29 07:34:30'),
(58, 43, '790041575038064.PNG', '2019-11-29 07:34:24', '2019-11-29 07:34:24'),
(57, 43, '7879851575038057.PNG', '2019-11-29 07:34:18', '2019-11-29 07:34:18'),
(56, 42, '5375451575037457.PNG', '2019-11-29 07:24:17', '2019-11-29 07:24:17'),
(55, 42, '467031575037447.PNG', '2019-11-29 07:24:07', '2019-11-29 07:24:07'),
(54, 42, '1225091575037440.PNG', '2019-11-29 07:24:00', '2019-11-29 07:24:00'),
(53, 41, '5671671575037242.PNG', '2019-11-29 07:20:42', '2019-11-29 07:20:42'),
(52, 41, '8290481575037228.PNG', '2019-11-29 07:20:28', '2019-11-29 07:20:28'),
(51, 41, '1622041575037215.PNG', '2019-11-29 07:20:15', '2019-11-29 07:20:15'),
(50, 40, '9076201575035915.PNG', '2019-11-29 06:58:36', '2019-11-29 06:58:36'),
(49, 40, '9329381575035908.PNG', '2019-11-29 06:58:29', '2019-11-29 06:58:29'),
(48, 40, '1403231575035896.PNG', '2019-11-29 06:58:16', '2019-11-29 06:58:16'),
(47, 39, '4109111575034828.PNG', '2019-11-29 06:40:28', '2019-11-29 06:40:28'),
(46, 39, '6675271575034821.PNG', '2019-11-29 06:40:21', '2019-11-29 06:40:21'),
(45, 39, '3842081575034814.PNG', '2019-11-29 06:40:14', '2019-11-29 06:40:14'),
(44, 38, '1371951575034402.PNG', '2019-11-29 06:33:23', '2019-11-29 06:33:23'),
(43, 38, '244181575034396.PNG', '2019-11-29 06:33:16', '2019-11-29 06:33:16'),
(42, 38, '3111811575034388.PNG', '2019-11-29 06:33:09', '2019-11-29 06:33:09'),
(41, 37, '2060321575033913.PNG', '2019-11-29 06:25:13', '2019-11-29 06:25:13'),
(40, 37, '1821221575033913.PNG', '2019-11-29 06:25:13', '2019-11-29 06:25:13'),
(39, 37, '2147961575033912.PNG', '2019-11-29 06:25:13', '2019-11-29 06:25:13'),
(37, 36, '1592191575023360.PNG', '2019-11-29 03:29:21', '2019-11-29 03:29:21'),
(36, 36, '8462621575023360.PNG', '2019-11-29 03:29:20', '2019-11-29 03:29:20'),
(35, 36, '8657611575023360.PNG', '2019-11-29 03:29:20', '2019-11-29 03:29:20'),
(63, 45, '6793581575038595.PNG', '2019-11-29 07:43:15', '2019-11-29 07:43:15'),
(64, 45, '5712281575038601.PNG', '2019-11-29 07:43:21', '2019-11-29 07:43:21'),
(65, 45, '1795411575038607.PNG', '2019-11-29 07:43:28', '2019-11-29 07:43:28'),
(66, 46, '2177811576032317.PNG', '2019-12-10 19:45:17', '2019-12-10 19:45:17'),
(67, 46, '8183901576032343.PNG', '2019-12-10 19:45:44', '2019-12-10 19:45:44'),
(68, 46, '9894051576032351.PNG', '2019-12-10 19:45:51', '2019-12-10 19:45:51'),
(69, 47, '1190101576032369.png', '2019-12-10 19:46:10', '2019-12-10 19:46:10'),
(70, 47, '3472311576032382.png', '2019-12-10 19:46:22', '2019-12-10 19:46:22'),
(71, 47, '8048961576032390.png', '2019-12-10 19:46:30', '2019-12-10 19:46:30');

-- --------------------------------------------------------

--
-- Table structure for table `users`
--

CREATE TABLE `users` (
  `id` int(10) UNSIGNED NOT NULL,
  `name` varchar(191) COLLATE utf8mb4_unicode_ci NOT NULL,
  `email` varchar(191) COLLATE utf8mb4_unicode_ci NOT NULL,
  `email_verified_at` timestamp NULL DEFAULT NULL,
  `password` varchar(191) COLLATE utf8mb4_unicode_ci NOT NULL,
  `admin` tinyint(4) DEFAULT NULL,
  `remember_token` varchar(100) COLLATE utf8mb4_unicode_ci DEFAULT NULL,
  `created_at` timestamp NULL DEFAULT NULL,
  `updated_at` timestamp NULL DEFAULT NULL,
  `address` text COLLATE utf8mb4_unicode_ci,
  `city` varchar(191) COLLATE utf8mb4_unicode_ci DEFAULT NULL,
  `state` varchar(191) COLLATE utf8mb4_unicode_ci DEFAULT NULL,
  `country` varchar(191) COLLATE utf8mb4_unicode_ci DEFAULT NULL,
  `pincode` varchar(191) COLLATE utf8mb4_unicode_ci DEFAULT NULL,
  `mobile` varchar(191) COLLATE utf8mb4_unicode_ci DEFAULT NULL
) ENGINE=MyISAM DEFAULT CHARSET=utf8mb4 COLLATE=utf8mb4_unicode_ci;

--
-- Dumping data for table `users`
--

INSERT INTO `users` (`id`, `name`, `email`, `email_verified_at`, `password`, `admin`, `remember_token`, `created_at`, `updated_at`, `address`, `city`, `state`, `country`, `pincode`, `mobile`) VALUES
(1, 'admin', 'admin@gmail.com', NULL, '$2y$10$2CtNaL5nYmcQ6pD9eu7yVeyN.l4nEN4OMTrz.dWYrhBd33XNs56Cu', 1, '98ug1ph0q8x6NAKIFq7XdpSt74vyjGAvyNgag8pkLkSBs2fMGSY1vtlyTUae', '2018-10-15 02:32:54', '2019-12-25 18:13:24', 'Karawang', 'Karawang', 'West Java', 'Indonesia', '46151', '082130314423'),
(20, 'User', 'user@gmail.com', NULL, '$2y$10$Pch2zMzoeJy9/R4fX5Dqn.H0FuKS6ftf4O8eGk7B/Lx.na3xiDeQe', NULL, NULL, '2019-12-25 18:23:23', '2019-12-25 18:23:23', NULL, NULL, NULL, NULL, NULL, NULL);

--
-- Indexes for dumped tables
--

--
-- Indexes for table `cart`
--
ALTER TABLE `cart`
  ADD PRIMARY KEY (`id`);

--
-- Indexes for table `categories`
--
ALTER TABLE `categories`
  ADD PRIMARY KEY (`id`),
  ADD UNIQUE KEY `slug` (`name`);

--
-- Indexes for table `city`
--
ALTER TABLE `city`
  ADD PRIMARY KEY (`id`);

--
-- Indexes for table `countries`
--
ALTER TABLE `countries`
  ADD PRIMARY KEY (`id`);

--
-- Indexes for table `coupons`
--
ALTER TABLE `coupons`
  ADD PRIMARY KEY (`id`);

--
-- Indexes for table `delivery_address`
--
ALTER TABLE `delivery_address`
  ADD PRIMARY KEY (`id`);

--
-- Indexes for table `migrations`
--
ALTER TABLE `migrations`
  ADD PRIMARY KEY (`id`);

--
-- Indexes for table `orders`
--
ALTER TABLE `orders`
  ADD PRIMARY KEY (`id`);

--
-- Indexes for table `password_resets`
--
ALTER TABLE `password_resets`
  ADD KEY `password_resets_email_index` (`email`);

--
-- Indexes for table `products`
--
ALTER TABLE `products`
  ADD PRIMARY KEY (`id`);

--
-- Indexes for table `product_att`
--
ALTER TABLE `product_att`
  ADD PRIMARY KEY (`id`);

--
-- Indexes for table `province`
--
ALTER TABLE `province`
  ADD PRIMARY KEY (`id`);

--
-- Indexes for table `tblgallery`
--
ALTER TABLE `tblgallery`
  ADD PRIMARY KEY (`id`);

--
-- Indexes for table `users`
--
ALTER TABLE `users`
  ADD PRIMARY KEY (`id`),
  ADD UNIQUE KEY `users_email_unique` (`email`);

--
-- AUTO_INCREMENT for dumped tables
--

--
-- AUTO_INCREMENT for table `cart`
--
ALTER TABLE `cart`
  MODIFY `id` int(10) UNSIGNED NOT NULL AUTO_INCREMENT, AUTO_INCREMENT=71;

--
-- AUTO_INCREMENT for table `categories`
--
ALTER TABLE `categories`
  MODIFY `id` int(10) UNSIGNED NOT NULL AUTO_INCREMENT, AUTO_INCREMENT=31;

--
-- AUTO_INCREMENT for table `countries`
--
ALTER TABLE `countries`
  MODIFY `id` int(10) UNSIGNED NOT NULL AUTO_INCREMENT, AUTO_INCREMENT=298;

--
-- AUTO_INCREMENT for table `coupons`
--
ALTER TABLE `coupons`
  MODIFY `id` int(10) UNSIGNED NOT NULL AUTO_INCREMENT, AUTO_INCREMENT=9;

--
-- AUTO_INCREMENT for table `delivery_address`
--
ALTER TABLE `delivery_address`
  MODIFY `id` int(10) UNSIGNED NOT NULL AUTO_INCREMENT, AUTO_INCREMENT=15;

--
-- AUTO_INCREMENT for table `migrations`
--
ALTER TABLE `migrations`
  MODIFY `id` int(10) UNSIGNED NOT NULL AUTO_INCREMENT, AUTO_INCREMENT=22;

--
-- AUTO_INCREMENT for table `orders`
--
ALTER TABLE `orders`
  MODIFY `id` int(10) UNSIGNED NOT NULL AUTO_INCREMENT, AUTO_INCREMENT=57;

--
-- AUTO_INCREMENT for table `products`
--
ALTER TABLE `products`
  MODIFY `id` int(10) UNSIGNED NOT NULL AUTO_INCREMENT, AUTO_INCREMENT=48;

--
-- AUTO_INCREMENT for table `product_att`
--
ALTER TABLE `product_att`
  MODIFY `id` int(10) UNSIGNED NOT NULL AUTO_INCREMENT, AUTO_INCREMENT=88;

--
-- AUTO_INCREMENT for table `tblgallery`
--
ALTER TABLE `tblgallery`
  MODIFY `id` int(10) UNSIGNED NOT NULL AUTO_INCREMENT, AUTO_INCREMENT=72;

--
-- AUTO_INCREMENT for table `users`
--
ALTER TABLE `users`
  MODIFY `id` int(10) UNSIGNED NOT NULL AUTO_INCREMENT, AUTO_INCREMENT=21;
COMMIT;

/*!40101 SET CHARACTER_SET_CLIENT=@OLD_CHARACTER_SET_CLIENT */;
/*!40101 SET CHARACTER_SET_RESULTS=@OLD_CHARACTER_SET_RESULTS */;
/*!40101 SET COLLATION_CONNECTION=@OLD_COLLATION_CONNECTION */;
